Cumulated Working Group,Bridge Author Name,Chapter 1,Chapter 2
WG1+2+3,Michael Grubb,AR2.WG1.TS,AR4.WG2.18
WG1+2+3,Michael Grubb,AR2.WG1.TS,AR4.WG3.11
WG1+2+3,Michael Grubb,AR2.WG1.TS,AR3.WG3.SPM
WG1+2+3,Michael Grubb,AR2.WG1.TS,AR4.WG3.SPM
WG1+2+3,Michael Grubb,AR2.WG1.TS,AR3.WG3.TS
WG1+2+3,Michael Grubb,AR4.WG2.18,AR2.WG3.2
WG1+2+3,Michael Grubb,AR4.WG2.18,AR2.WG3.3
WG1+2+3,Michael Grubb,AR4.WG2.18,AR2.WG3.8
WG1+2+3,Michael Grubb,AR4.WG2.18,AR3.WG3.SPM
WG1+2+3,Michael Grubb,AR4.WG2.18,AR4.WG3.SPM
WG1+2+3,Michael Grubb,AR4.WG2.18,AR3.WG3.TS
WG1+2+3,Amulf Grubler,AR3.WG1.4,AR2.WG2.B
WG1+2+3,Amulf Grubler,AR3.WG1.4,AR2.WG2.TS
WG1+2+3,Amulf Grubler,AR3.WG1.4,AR5.WG3.1
WG1+2+3,Amulf Grubler,AR3.WG1.4,AR4.WG3.2
WG1+2+3,Amulf Grubler,AR2.WG2.21,AR5.WG3.1
WG1+2+3,Amulf Grubler,AR2.WG2.21,AR4.WG3.2
WG1+2+3,Amulf Grubler,AR2.WG2.B,AR5.WG3.1
WG1+2+3,Amulf Grubler,AR2.WG2.B,AR4.WG3.2
WG1+2+3,Amulf Grubler,AR2.WG2.TS,AR5.WG3.1
WG1+2+3,Amulf Grubler,AR2.WG2.TS,AR4.WG3.2
WG1+2+3,Haroon Kheshgi,AR3.WG1.12,AR5.WG2.10
WG1+2+3,Haroon Kheshgi,AR3.WG1.12,AR5.WG3.10
WG1+2+3,Haroon Kheshgi,AR3.WG1.12,AR3.WG3.4
WG1+2+3,Haroon Kheshgi,AR3.WG1.12,AR4.WG3.5
WG1+2+3,Haroon Kheshgi,AR3.WG1.3,AR5.WG2.10
WG1+2+3,Haroon Kheshgi,AR3.WG1.3,AR5.WG3.10
WG1+2+3,Haroon Kheshgi,AR3.WG1.3,AR3.WG3.4
WG1+2+3,Haroon Kheshgi,AR3.WG1.3,AR4.WG3.5
WG1+2+3,Haroon Kheshgi,AR2.WG1.8,AR5.WG2.10
WG1+2+3,Haroon Kheshgi,AR2.WG1.8,AR5.WG3.10
WG1+2+3,Haroon Kheshgi,AR2.WG1.8,AR3.WG3.4
WG1+2+3,Haroon Kheshgi,AR2.WG1.8,AR4.WG3.5
WG1+2+3,Haroon Kheshgi,AR3.WG1.TS,AR5.WG2.10
WG1+2+3,Haroon Kheshgi,AR3.WG1.TS,AR5.WG3.10
WG1+2+3,Haroon Kheshgi,AR3.WG1.TS,AR4.WG3.5
WG1+2+3,Haroon Kheshgi,AR5.WG2.10,AR3.WG3.4
WG1+2+3,Haroon Kheshgi,AR5.WG2.10,AR4.WG3.5
WG1+2+3,Gregg Marland,AR2.WG1.2,AR2.WG2.B
WG1+2+3,Gregg Marland,AR2.WG1.2,AR2.WG2.TS
WG1+2+3,Gregg Marland,AR2.WG1.2,AR3.WG3.4
WG1+2+3,Gregg Marland,AR5.WG1.6,AR2.WG2.B
WG1+2+3,Gregg Marland,AR5.WG1.6,AR2.WG2.TS
WG1+2+3,Gregg Marland,AR2.WG2.B,AR3.WG3.4
WG1+2+3,Gregg Marland,AR2.WG2.TS,AR3.WG3.4
WG1+2+3,Brian C. O'Neill,AR2.WG1.2,AR5.WG2.19
WG1+2+3,Brian C. O'Neill,AR2.WG1.2,AR4.WG2.2
WG1+2+3,Brian C. O'Neill,AR2.WG1.2,AR4.WG3.3
WG1+2+3,Brian C. O'Neill,AR5.WG2.19,AR4.WG3.3
WG1+2+3,Brian C. O'Neill,AR4.WG2.2,AR4.WG3.3
WG1+2+3,Jos G.J. Olivier,AR3.WG1.4,AR4.WG3.1
WG1+2+3,Jos G.J. Olivier,AR3.WG1.4,AR5.WG3.1
WG1+2+3,Jos G.J. Olivier,AR2.WG2.12,AR4.WG3.1
WG1+2+3,Jos G.J. Olivier,AR2.WG2.12,AR5.WG3.1
WG1+2+3,Steve Rayner,AR3.WG1.3,AR4.WG3.12
WG1+2+3,Steve Rayner,AR2.WG2.19,AR4.WG3.12
WG1+2+3,John B. Robinson,AR3.WG1.2,AR4.WG2.18
WG1+2+3,John B. Robinson,AR3.WG1.2,AR4.WG3.12
WG1+2+3,John B. Robinson,AR3.WG1.2,AR2.WG3.8
WG1+2+3,John B. Robinson,AR3.WG1.2,AR2.WG3.9
WG1+2+3,David Robinson,AR4.WG1.4,AR2.WG2.7
WG1+2+3,David Robinson,AR4.WG1.4,AR3.WG3.TS
WG1+2+3,David Robinson,AR5.WG1.4,AR2.WG2.7
WG1+2+3,David Robinson,AR5.WG1.4,AR3.WG3.TS
WG1+2+3,John B. Robinson,AR4.WG2.18,AR2.WG3.8
WG1+2+3,John B. Robinson,AR4.WG2.18,AR2.WG3.9
WG1+2+3,David Robinson,AR2.WG2.7,AR3.WG3.1
WG1+2+3,David Robinson,AR2.WG2.7,AR3.WG3.2
WG1+2+3,David Robinson,AR2.WG2.7,AR3.WG3.TS
WG1+2+3,Robert (Bob) J. Scholes,AR3.WG1.3,AR5.WG2.4
WG1+2+3,Robert (Bob) J. Scholes,AR3.WG1.3,AR3.WG2.SPM
WG1+2+3,Robert (Bob) J. Scholes,AR3.WG1.3,AR4.WG3.8
WG1+2+3,Robert (Bob) J. Scholes,AR3.WG1.TS,AR5.WG2.4
WG1+2+3,Robert (Bob) J. Scholes,AR3.WG1.TS,AR4.WG3.8
WG1+2+3,Robert (Bob) J. Scholes,AR3.WG2.10,AR4.WG3.8
WG1+2+3,Robert (Bob) J. Scholes,AR5.WG2.4,AR4.WG3.8
WG1+2+3,Robert (Bob) J. Scholes,AR3.WG2.SPM,AR4.WG3.8
WG1+2+3,Dennis A. Tirpak,AR1.WG1.12,AR2.WG2.27
WG1+2+3,Dennis A. Tirpak,AR1.WG1.12,AR2.WG2.TS
WG1+2+3,Dennis A. Tirpak,AR1.WG1.12,AR4.WG3.13
WG1+2+3,Dennis A. Tirpak,AR1.WG1.12,AR1.WG3.2
WG1+2+3,Dennis A. Tirpak,AR1.WG1.12,AR4.WG3.SPM
WG1+2+3,Dennis A. Tirpak,AR1.WG1.12,AR4.WG3.TS
WG1+2+3,Dennis A. Tirpak,AR2.WG2.27,AR4.WG3.13
WG1+2+3,Dennis A. Tirpak,AR2.WG2.27,AR4.WG3.SPM
WG1+2+3,Dennis A. Tirpak,AR2.WG2.27,AR4.WG3.TS
WG1+2+3,Dennis A. Tirpak,AR2.WG2.TS,AR4.WG3.13
WG1+2+3,Dennis A. Tirpak,AR2.WG2.TS,AR4.WG3.SPM
WG1+2+3,Dennis A. Tirpak,AR2.WG2.TS,AR4.WG3.TS
WG1+2,Ian Allison,AR5.WG1.3,AR2.WG2.7
WG1+2,Ian Allison,AR4.WG1.4,AR2.WG2.7
WG1+2,Ian Allison,AR5.WG1.4,AR2.WG2.7
WG1+2,Oleg A. Anisimov,AR3.WG1.11,AR4.WG2.15
WG1+2,Oleg A. Anisimov,AR3.WG1.11,AR3.WG2.16
WG1+2,Oleg A. Anisimov,AR3.WG1.11,AR5.WG2.28
WG1+2,Oleg A. Anisimov,AR3.WG1.11,AR1.WG2.7
WG1+2,Oleg A. Anisimov,AR3.WG1.11,AR2.WG2.7
WG1+2,Oleg A. Anisimov,AR3.WG1.11,AR3.WG2.SPM
WG1+2,Oleg A. Anisimov,AR3.WG1.11,AR4.WG2.SPM
WG1+2,Oleg A. Anisimov,AR3.WG1.11,AR5.WG2.SPM
WG1+2,Oleg A. Anisimov,AR3.WG1.11,AR3.WG2.TS
WG1+2,Oleg A. Anisimov,AR3.WG1.11,AR4.WG2.TS
WG1+2,Oleg A. Anisimov,AR3.WG1.7,AR4.WG2.15
WG1+2,Oleg A. Anisimov,AR3.WG1.7,AR5.WG2.28
WG1+2,Oleg A. Anisimov,AR3.WG1.7,AR3.WG2.SPM
WG1+2,Oleg A. Anisimov,AR3.WG1.7,AR4.WG2.SPM
WG1+2,Oleg A. Anisimov,AR3.WG1.7,AR5.WG2.SPM
WG1+2,Oleg A. Anisimov,AR3.WG1.7,AR3.WG2.TS
WG1+2,Oleg A. Anisimov,AR3.WG1.7,AR4.WG2.TS
WG1+2,Julie Arblaster,AR4.WG1.10,AR4.WG2.6
WG1+2,Julie Arblaster,AR5.WG1.12,AR4.WG2.6
WG1+2,R. Balling,AR3.WG1.2,AR2.WG2.4
WG1+2,R. Balling,AR2.WG1.3,AR2.WG2.4
WG1+2,Roger G. Barry,AR2.WG1.3,AR4.WG2.15
WG1+2,Roger G. Barry,AR2.WG1.3,AR2.WG2.5
WG1+2,Roger G. Barry,AR2.WG1.3,AR2.WG2.7
WG1+2,Roger G. Barry,AR4.WG1.4,AR2.WG2.5
WG1+2,Roger G. Barry,AR4.WG1.4,AR2.WG2.7
WG1+2,Roger G. Barry,AR1.WG1.7,AR4.WG2.15
WG1+2,Roger G. Barry,AR1.WG1.7,AR2.WG2.5
WG1+2,Roger G. Barry,AR1.WG1.7,AR2.WG2.7
WG1+2,Roger G. Barry,AR3.WG1.7,AR4.WG2.15
WG1+2,Bryson C. Bates,AR3.WG1.10,AR4.WG2.11
WG1+2,Bryson C. Bates,AR3.WG1.10,AR3.WG2.12
WG1+2,Bryson C. Bates,AR3.WG1.10,AR2.WG2.TS
WG1+2,Martin Beniston,AR4.WG1.11,AR3.WG2.13
WG1+2,Martin Beniston,AR4.WG1.11,AR5.WG2.23
WG1+2,Martin Beniston,AR4.WG1.11,AR4.WG2.4
WG1+2,Martin Beniston,AR4.WG1.11,AR2.WG2.5
WG1+2,Martin Beniston,AR4.WG1.11,AR2.WG2.TS
WG1+2,Martin Beniston,AR4.WG1.3,AR5.WG2.23
WG1+2,Martin Beniston,AR4.WG1.3,AR4.WG2.4
WG1+2,Martin Beniston,AR4.WG1.3,AR2.WG2.5
WG1+2,Martin Beniston,AR4.WG1.3,AR2.WG2.TS
WG1+2,Martin Beniston,AR2.WG1.6,AR3.WG2.13
WG1+2,Martin Beniston,AR2.WG1.6,AR5.WG2.23
WG1+2,Martin Beniston,AR2.WG1.6,AR4.WG2.4
WG1+2,Martin Beniston,AR2.WG1.6,AR2.WG2.TS
WG1+2,Richard A. Betts,AR4.WG1.2,AR4.WG2.3
WG1+2,Richard A. Betts,AR4.WG1.2,AR5.WG2.4
WG1+2,Richard A. Betts,AR3.WG1.6,AR4.WG2.3
WG1+2,Richard A. Betts,AR3.WG1.6,AR5.WG2.4
WG1+2,Richard A. Betts,AR4.WG1.7,AR5.WG2.4
WG1+2,Richard A. Betts,AR3.WG1.8,AR4.WG2.3
WG1+2,Richard A. Betts,AR3.WG1.8,AR5.WG2.4
WG1+2,Richard A. Betts,AR4.WG1.9,AR5.WG2.4
WG1+2,Bert Bolin,AR3.WG1.1,AR2.WG2.TS
WG1+2,Bert Bolin,AR3.WG1.14,AR2.WG2.TS
WG1+2,R.J. Braithwaite,AR1.WG1.9,AR2.WG2.7
WG1+2,Sandra Brown,AR3.WG1.2,AR2.WG2.24
WG1+2,Ross D. Brown,AR3.WG1.2,AR3.WG2.5
WG1+2,Ross D. Brown,AR3.WG1.2,AR2.WG2.7
WG1+2,Sandra Brown,AR3.WG1.2,AR2.WG2.A
WG1+2,Ross D. Brown,AR3.WG1.2,AR3.WG2.SPM
WG1+2,Sandra Brown,AR3.WG1.2,AR2.WG2.TS
WG1+2,Ross D. Brown,AR3.WG1.2,AR3.WG2.TS
WG1+2,Ross D. Brown,AR4.WG1.4,AR3.WG2.5
WG1+2,Ross D. Brown,AR4.WG1.4,AR2.WG2.7
WG1+2,Ross D. Brown,AR4.WG1.4,AR3.WG2.SPM
WG1+2,Ross D. Brown,AR4.WG1.4,AR3.WG2.TS
WG1+2,Timothy Carter,AR3.WG1.13,AR4.WG2.2
WG1+2,Timothy Carter,AR3.WG1.13,AR5.WG2.21
WG1+2,Timothy Carter,AR3.WG1.13,AR2.WG2.26
WG1+2,Timothy Carter,AR3.WG1.13,AR3.WG2.3
WG1+2,Timothy Carter,AR3.WG1.13,AR3.WG2.SPM
WG1+2,Timothy Carter,AR3.WG1.13,AR4.WG2.SPM
WG1+2,Timothy Carter,AR3.WG1.13,AR3.WG2.TS
WG1+2,Timothy Carter,AR3.WG1.13,AR4.WG2.TS
WG1+2,Daniel R. Cayan,AR2.WG1.3,AR4.WG2.14
WG1+2,Deliang Chen,AR5.WG1.1,AR3.WG2.11
WG1+2,Francis Chiew,AR2.WG1.3,AR5.WG2.25
WG1+2,Jens Hesselbjerg Krishna Christensen,AR4.WG1.11,AR2.WG2.27
WG1+2,Jens Hesselbjerg Krishna Christensen,AR5.WG1.14,AR2.WG2.27
WG1+2,John A. Church,AR3.WG1.11,AR2.WG2.8
WG1+2,John A. Church,AR5.WG1.13,AR2.WG2.8
WG1+2,John A. Church,AR4.WG1.5,AR2.WG2.8
WG1+2,J. Graham Cogley,AR4.WG1.4,AR5.WG2.3
WG1+2,Sarah Cooley,AR5.WG1.3,AR5.WG2.6
WG1+2,Michael J. Coughlan,AR1.WG1.7,AR4.WG2.11
WG1+2,Wolfgang P. Cramer,AR3.WG1.10,AR3.WG2.13
WG1+2,Wolfgang P. Cramer,AR3.WG1.10,AR5.WG2.18
WG1+2,Wolfgang P. Cramer,AR3.WG1.10,AR4.WG2.4
WG1+2,Wolfgang P. Cramer,AR3.WG1.10,AR3.WG2.5
WG1+2,Wolfgang P. Cramer,AR3.WG1.10,AR2.WG2.A
WG1+2,Wolfgang P. Cramer,AR3.WG1.10,AR5.WG2.SPM
WG1+2,Wolfgang P. Cramer,AR3.WG1.10,AR2.WG2.TS
WG1+2,Wolfgang P. Cramer,AR3.WG1.10,AR4.WG2.TS
WG1+2,Wolfgang P. Cramer,AR3.WG1.3,AR5.WG2.18
WG1+2,Wolfgang P. Cramer,AR3.WG1.3,AR4.WG2.4
WG1+2,Wolfgang P. Cramer,AR3.WG1.3,AR3.WG2.5
WG1+2,Wolfgang P. Cramer,AR3.WG1.3,AR2.WG2.A
WG1+2,Wolfgang P. Cramer,AR3.WG1.3,AR5.WG2.SPM
WG1+2,Wolfgang P. Cramer,AR3.WG1.3,AR2.WG2.TS
WG1+2,Wolfgang P. Cramer,AR3.WG1.3,AR4.WG2.TS
WG1+2,Sandra Myrna Diaz,AR2.WG1.3,AR4.WG2.4
WG1+2,Sandra Myrna Diaz,AR2.WG1.3,AR3.WG2.5
WG1+2,H.F. Diaz,AR1.WG1.7,AR2.WG2.2
WG1+2,H.F. Diaz,AR1.WG1.7,AR2.WG2.A
WG1+2,H.F. Diaz,AR1.WG1.7,AR2.WG2.TS
WG1+2,B.C. Douglas,AR3.WG1.11,AR2.WG2.12
WG1+2,Phil Duffy,AR3.WG1.8,AR5.WG2.21
WG1+2,William Easterling,AR3.WG1.2,AR4.WG2.5
WG1+2,William Easterling,AR3.WG1.2,AR4.WG2.SPM
WG1+2,William Easterling,AR3.WG1.2,AR4.WG2.TS
WG1+2,David Easterling,AR5.WG1.2,AR3.WG2.5
WG1+2,David Easterling,AR5.WG1.2,AR3.WG2.SPM
WG1+2,David Easterling,AR5.WG1.2,AR3.WG2.TS
WG1+2,David Easterling,AR2.WG1.3,AR3.WG2.5
WG1+2,David Easterling,AR2.WG1.3,AR3.WG2.SPM
WG1+2,David Easterling,AR2.WG1.3,AR3.WG2.TS
WG1+2,David Easterling,AR4.WG1.3,AR3.WG2.5
WG1+2,David Easterling,AR4.WG1.3,AR3.WG2.SPM
WG1+2,David Easterling,AR4.WG1.3,AR3.WG2.TS
WG1+2,David Easterling,AR4.WG1.7,AR3.WG2.SPM
WG1+2,David Easterling,AR4.WG1.7,AR3.WG2.TS
WG1+2,Seita Emori,AR3.WG1.10,AR4.WG2.10
WG1+2,Seita Emori,AR3.WG1.10,AR3.WG2.11
WG1+2,Seita Emori,AR4.WG1.10,AR3.WG2.11
WG1+2,Christopher B. Field,AR1.WG1.10,AR4.WG2.14
WG1+2,Christopher B. Field,AR1.WG1.10,AR4.WG2.SPM
WG1+2,Christopher B. Field,AR1.WG1.10,AR5.WG2.SPM
WG1+2,Christopher B. Field,AR1.WG1.10,AR4.WG2.TS
WG1+2,Christopher B. Field,AR3.WG1.3,AR4.WG2.14
WG1+2,Christopher B. Field,AR3.WG1.3,AR4.WG2.SPM
WG1+2,Christopher B. Field,AR3.WG1.3,AR5.WG2.SPM
WG1+2,Christopher B. Field,AR3.WG1.3,AR4.WG2.TS
WG1+2,Christopher B. Field,AR2.WG1.9,AR4.WG2.14
WG1+2,Christopher B. Field,AR2.WG1.9,AR4.WG2.SPM
WG1+2,Christopher B. Field,AR2.WG1.9,AR5.WG2.SPM
WG1+2,Christopher B. Field,AR2.WG1.9,AR4.WG2.TS
WG1+2,B. Blair Fitzharris,AR3.WG1.11,AR4.WG2.11
WG1+2,B. Blair Fitzharris,AR3.WG1.11,AR3.WG2.16
WG1+2,B. Blair Fitzharris,AR3.WG1.11,AR3.WG2.2
WG1+2,B. Blair Fitzharris,AR3.WG1.11,AR5.WG2.25
WG1+2,B. Blair Fitzharris,AR3.WG1.11,AR1.WG2.7
WG1+2,B. Blair Fitzharris,AR3.WG1.11,AR2.WG2.7
WG1+2,B. Blair Fitzharris,AR3.WG1.11,AR3.WG2.SPM
WG1+2,B. Blair Fitzharris,AR3.WG1.11,AR4.WG2.SPM
WG1+2,B. Blair Fitzharris,AR3.WG1.11,AR2.WG2.TS
WG1+2,B. Blair Fitzharris,AR3.WG1.11,AR3.WG2.TS
WG1+2,B. Blair Fitzharris,AR3.WG1.11,AR4.WG2.TS
WG1+2,B. Blair Fitzharris,AR4.WG1.4,AR5.WG2.25
WG1+2,B. Blair Fitzharris,AR4.WG1.4,AR1.WG2.7
WG1+2,B. Blair Fitzharris,AR4.WG1.4,AR2.WG2.7
WG1+2,B. Blair Fitzharris,AR4.WG1.4,AR3.WG2.SPM
WG1+2,B. Blair Fitzharris,AR4.WG1.4,AR4.WG2.SPM
WG1+2,B. Blair Fitzharris,AR4.WG1.4,AR2.WG2.TS
WG1+2,B. Blair Fitzharris,AR4.WG1.4,AR3.WG2.TS
WG1+2,B. Blair Fitzharris,AR4.WG1.4,AR4.WG2.TS
WG1+2,James Rodger Fleming,AR4.WG1.1,AR3.WG2.15
WG1+2,James Rodger Fleming,AR4.WG1.1,AR3.WG2.5
WG1+2,Paul Fraser,AR1.WG1.1,AR3.WG2.5
WG1+2,Paul Fraser,AR4.WG1.2,AR3.WG2.5
WG1+2,Filippo Giorgi,AR3.WG1.10,AR5.WG2.21
WG1+2,Filippo Giorgi,AR4.WG1.11,AR5.WG2.21
WG1+2,Filippo Giorgi,AR2.WG1.5,AR5.WG2.21
WG1+2,Filippo Giorgi,AR2.WG1.6,AR5.WG2.21
WG1+2,Filippo Giorgi,AR3.WG1.TS,AR5.WG2.21
WG1+2,Filippo Giorgi,AR4.WG1.TS,AR5.WG2.21
WG1+2,Vivien Gornitz,AR3.WG1.11,AR4.WG2.1
WG1+2,Vivien Gornitz,AR3.WG1.11,AR2.WG2.9
WG1+2,Vivien Gornitz,AR2.WG1.7,AR4.WG2.1
WG1+2,Vivien Gornitz,AR2.WG1.7,AR2.WG2.9
WG1+2,Vivien Gornitz,AR1.WG1.9,AR4.WG2.1
WG1+2,Vivien Gornitz,AR1.WG1.9,AR2.WG2.9
WG1+2,K. Gregory,AR3.WG1.11,AR3.WG2.17
WG1+2,Dimitrios Gyalistras,AR3.WG1.10,AR4.WG2.4
WG1+2,Wilfreid Haeberli,AR3.WG1.2,AR4.WG2.1
WG1+2,Wilfreid Haeberli,AR3.WG1.2,AR2.WG2.7
WG1+2,Wilfreid Haeberli,AR2.WG1.3,AR4.WG2.1
WG1+2,Wilfreid Haeberli,AR2.WG1.3,AR2.WG2.7
WG1+2,Wilfreid Haeberli,AR2.WG1.7,AR4.WG2.1
WG1+2,Wilfreid Haeberli,AR1.WG1.9,AR4.WG2.1
WG1+2,Wilfreid Haeberli,AR1.WG1.9,AR2.WG2.7
WG1+2,Stephane Hallegatte,AR4.WG1.8,AR5.WG2.10
WG1+2,Stephane Hallegatte,AR4.WG1.8,AR5.WG2.17
WG1+2,S. Hastenrath,AR2.WG1.3,AR2.WG2.7
WG1+2,S. Hastenrath,AR1.WG1.7,AR2.WG2.7
WG1+2,Ed Hawkins,AR5.WG1.11,AR5.WG2.4
WG1+2,John Hay,AR3.WG1.13,AR4.WG2.1
WG1+2,John Hay,AR3.WG1.13,AR4.WG2.16
WG1+2,John Hay,AR3.WG1.13,AR4.WG2.6
WG1+2,Ann Henderson-Sellers,AR1.WG1.7,AR2.WG2.1
WG1+2,Kevin Hennessy,AR3.WG1.2,AR4.WG2.11
WG1+2,Kevin Hennessy,AR3.WG1.2,AR4.WG2.SPM
WG1+2,Kevin Hennessy,AR3.WG1.2,AR4.WG2.TS
WG1+2,Kevin Hennessy,AR2.WG1.6,AR4.WG2.11
WG1+2,Kevin Hennessy,AR2.WG1.6,AR4.WG2.SPM
WG1+2,Kevin Hennessy,AR2.WG1.6,AR4.WG2.TS
WG1+2,Bruce Charles Hewitson,AR3.WG1.10,AR5.WG2.21
WG1+2,Bruce Charles Hewitson,AR4.WG1.11,AR5.WG2.21
WG1+2,Bruce Charles Hewitson,AR4.WG1.SPM,AR5.WG2.21
WG1+2,Bruce Charles Hewitson,AR3.WG1.TS,AR5.WG2.21
WG1+2,Bruce Charles Hewitson,AR4.WG1.TS,AR5.WG2.21
WG1+2,K. Higuchi,AR1.WG1.7,AR2.WG2.7
WG1+2,Regine Hock,AR5.WG1.13,AR5.WG2.3
WG1+2,Regine Hock,AR4.WG1.4,AR5.WG2.3
WG1+2,Jarle Inge Holten,AR1.WG1.4,AR3.WG2.13
WG1+2,Jarle Inge Holten,AR1.WG1.4,AR2.WG2.5
WG1+2,Jarle Inge Holten,AR1.WG1.4,AR2.WG2.A
WG1+2,Jarle Inge Holten,AR1.WG1.4,AR3.WG2.SPM
WG1+2,Jarle Inge Holten,AR1.WG1.4,AR2.WG2.TS
WG1+2,J.T. Houghton,AR2.WG1.1,AR1.WG2.3
WG1+2,Nguyen Hu Ninh,AR1.WG1.3,AR4.WG2.10
WG1+2,Mike Hulme,AR3.WG1.10,AR3.WG2.13
WG1+2,Mike Hulme,AR3.WG1.10,AR3.WG2.3
WG1+2,Mike Hulme,AR3.WG1.13,AR3.WG2.3
WG1+2,Mike Hulme,AR3.WG1.2,AR3.WG2.3
WG1+2,Mike Hulme,AR2.WG1.3,AR3.WG2.13
WG1+2,Mike Hulme,AR2.WG1.3,AR3.WG2.3
WG1+2,Bubu Pateh Jallow,AR4.WG1.3,AR3.WG2.5
WG1+2,Bubu Pateh Jallow,AR4.WG1.3,AR3.WG2.SPM
WG1+2,Bubu Pateh Jallow,AR4.WG1.3,AR3.WG2.TS
WG1+2,Anthony Janetos,AR1.WG1.12,AR4.WG2.20
WG1+2,Anthony Janetos,AR1.WG1.12,AR5.WG2.21
WG1+2,Andy Jones,AR3.WG1.10,AR3.WG2.2
WG1+2,Andy Jones,AR3.WG1.10,AR3.WG2.3
WG1+2,Richard Jones,AR4.WG1.11,AR5.WG2.2
WG1+2,Richard Jones,AR4.WG1.11,AR5.WG2.SPM
WG1+2,Philip D. Jones,AR1.WG1.12,AR3.WG2.12
WG1+2,Philip D. Jones,AR1.WG1.12,AR3.WG2.SPM
WG1+2,Roger N. Jones,AR3.WG1.12,AR4.WG2.2
WG1+2,Roger N. Jones,AR3.WG1.12,AR5.WG2.21
WG1+2,Roger N. Jones,AR3.WG1.12,AR4.WG2.SPM
WG1+2,Roger N. Jones,AR3.WG1.12,AR5.WG2.SPM
WG1+2,Roger N. Jones,AR3.WG1.12,AR4.WG2.TS
WG1+2,Andy Jones,AR3.WG1.13,AR3.WG2.2
WG1+2,Andy Jones,AR3.WG1.13,AR3.WG2.3
WG1+2,Roger N. Jones,AR3.WG1.2,AR4.WG2.2
WG1+2,Roger N. Jones,AR3.WG1.2,AR5.WG2.21
WG1+2,Roger N. Jones,AR3.WG1.2,AR4.WG2.SPM
WG1+2,Roger N. Jones,AR3.WG1.2,AR5.WG2.SPM
WG1+2,Roger N. Jones,AR3.WG1.2,AR4.WG2.TS
WG1+2,Philip D. Jones,AR4.WG1.3,AR3.WG2.SPM
WG1+2,Richard Jones,AR3.WG1.6,AR5.WG2.2
WG1+2,Richard Jones,AR3.WG1.6,AR5.WG2.SPM
WG1+2,Roger N. Jones,AR3.WG1.8,AR4.WG2.2
WG1+2,Roger N. Jones,AR3.WG1.8,AR5.WG2.21
WG1+2,Roger N. Jones,AR3.WG1.8,AR4.WG2.SPM
WG1+2,Roger N. Jones,AR3.WG1.8,AR5.WG2.SPM
WG1+2,Roger N. Jones,AR3.WG1.8,AR4.WG2.TS
WG1+2,L.A. Joyce,AR1.WG1.7,AR2.WG2.15
WG1+2,L.A. Joyce,AR1.WG1.7,AR2.WG2.2
WG1+2,L.A. Joyce,AR1.WG1.8,AR2.WG2.15
WG1+2,L.A. Joyce,AR1.WG1.8,AR2.WG2.2
WG1+2,Milind Kandlikar,AR3.WG1.12,AR4.WG2.2
WG1+2,David Karl,AR5.WG1.3,AR5.WG2.6
WG1+2,David J. Karoly,AR1.WG1.12,AR4.WG2.1
WG1+2,David J. Karoly,AR1.WG1.12,AR5.WG2.25
WG1+2,David J. Karoly,AR1.WG1.12,AR4.WG2.SPM
WG1+2,David J. Karoly,AR1.WG1.12,AR4.WG2.TS
WG1+2,David J. Karoly,AR3.WG1.12,AR4.WG2.1
WG1+2,David J. Karoly,AR3.WG1.12,AR5.WG2.25
WG1+2,David J. Karoly,AR3.WG1.12,AR4.WG2.SPM
WG1+2,David J. Karoly,AR3.WG1.12,AR4.WG2.TS
WG1+2,David J. Karoly,AR1.WG1.2,AR4.WG2.1
WG1+2,David J. Karoly,AR1.WG1.2,AR5.WG2.25
WG1+2,David J. Karoly,AR1.WG1.2,AR4.WG2.SPM
WG1+2,David J. Karoly,AR1.WG1.2,AR4.WG2.TS
WG1+2,David J. Karoly,AR3.WG1.2,AR4.WG2.1
WG1+2,David J. Karoly,AR3.WG1.2,AR5.WG2.25
WG1+2,David J. Karoly,AR3.WG1.2,AR4.WG2.SPM
WG1+2,David J. Karoly,AR3.WG1.2,AR4.WG2.TS
WG1+2,David J. Karoly,AR2.WG1.6,AR4.WG2.1
WG1+2,David J. Karoly,AR2.WG1.6,AR5.WG2.25
WG1+2,David J. Karoly,AR2.WG1.6,AR4.WG2.SPM
WG1+2,David J. Karoly,AR2.WG1.6,AR4.WG2.TS
WG1+2,David J. Karoly,AR2.WG1.8,AR4.WG2.1
WG1+2,David J. Karoly,AR2.WG1.8,AR5.WG2.25
WG1+2,David J. Karoly,AR2.WG1.8,AR4.WG2.SPM
WG1+2,David J. Karoly,AR2.WG1.8,AR4.WG2.TS
WG1+2,David J. Karoly,AR4.WG1.9,AR5.WG2.25
WG1+2,David J. Karoly,AR4.WG1.9,AR4.WG2.SPM
WG1+2,David J. Karoly,AR4.WG1.9,AR4.WG2.TS
WG1+2,David J. Karoly,AR3.WG1.TS,AR4.WG2.1
WG1+2,David J. Karoly,AR3.WG1.TS,AR5.WG2.25
WG1+2,David J. Karoly,AR3.WG1.TS,AR4.WG2.SPM
WG1+2,David J. Karoly,AR3.WG1.TS,AR4.WG2.TS
WG1+2,T. Kittel,AR3.WG1.13,AR2.WG2.5
WG1+2,Christian Korner,AR2.WG1.9,AR4.WG2.4
WG1+2,Won-Tae Kwon,AR4.WG1.11,AR5.WG2.21
WG1+2,Won-Tae Kwon,AR5.WG1.14,AR5.WG2.21
WG1+2,Hervé Le Treut,AR1.WG1.1,AR5.WG2.1
WG1+2,Hervé Le Treut,AR4.WG1.1,AR5.WG2.1
WG1+2,Hervé Le Treut,AR2.WG1.2,AR5.WG2.1
WG1+2,Hervé Le Treut,AR3.WG1.7,AR5.WG2.1
WG1+2,Hervé Le Treut,AR4.WG1.SPM,AR5.WG2.1
WG1+2,Hervé Le Treut,AR4.WG1.TS,AR5.WG2.1
WG1+2,Rik Leemans,AR3.WG1.13,AR5.WG2.18
WG1+2,Rik Leemans,AR3.WG1.13,AR3.WG2.19
WG1+2,Rik Leemans,AR3.WG1.13,AR2.WG2.24
WG1+2,Rik Leemans,AR3.WG1.13,AR2.WG2.25
WG1+2,Rik Leemans,AR3.WG1.13,AR3.WG2.3
WG1+2,Rik Leemans,AR3.WG1.13,AR4.WG2.4
WG1+2,Rik Leemans,AR3.WG1.13,AR3.WG2.SPM
WG1+2,Rik Leemans,AR3.WG1.13,AR2.WG2.TS
WG1+2,Rik Leemans,AR2.WG1.9,AR5.WG2.18
WG1+2,Rik Leemans,AR2.WG1.9,AR3.WG2.19
WG1+2,Rik Leemans,AR2.WG1.9,AR3.WG2.3
WG1+2,Rik Leemans,AR2.WG1.9,AR4.WG2.4
WG1+2,Rik Leemans,AR2.WG1.9,AR3.WG2.SPM
WG1+2,Rik Leemans,AR2.WG1.9,AR2.WG2.TS
WG1+2,Chris Lennard,AR5.WG1.14,AR5.WG2.22
WG1+2,S. Linder,AR1.WG1.7,AR2.WG2.1
WG1+2,K. Lindsay,AR3.WG1.3,AR3.WG2.9
WG1+2,H. Lins,AR3.WG1.2,AR1.WG2.4
WG1+2,H. Lins,AR2.WG1.3,AR1.WG2.4
WG1+2,Jason A. Lowe,AR4.WG1.10,AR3.WG2.13
WG1+2,Jason A. Lowe,AR4.WG1.10,AR4.WG2.6
WG1+2,Jason A. Lowe,AR3.WG1.11,AR3.WG2.13
WG1+2,Jason A. Lowe,AR3.WG1.11,AR4.WG2.6
WG1+2,Jason A. Lowe,AR4.WG1.11,AR3.WG2.13
WG1+2,Jason A. Lowe,AR4.WG1.11,AR4.WG2.6
WG1+2,Wolfgang Lucht,AR5.WG1.12,AR4.WG2.4
WG1+2,Michael C. MacCracken,AR1.WG1.1,AR4.WG2.14
WG1+2,Michael C. MacCracken,AR1.WG1.1,AR2.WG2.25
WG1+2,Michael C. MacCracken,AR1.WG1.1,AR2.WG2.TS
WG1+2,Michael C. MacCracken,AR4.WG1.1,AR4.WG2.14
WG1+2,Michael C. MacCracken,AR4.WG1.1,AR2.WG2.25
WG1+2,Michael C. MacCracken,AR4.WG1.1,AR2.WG2.TS
WG1+2,Michael C. MacCracken,AR3.WG1.12,AR4.WG2.14
WG1+2,Michael C. MacCracken,AR3.WG1.12,AR2.WG2.25
WG1+2,Michael C. MacCracken,AR3.WG1.12,AR2.WG2.TS
WG1+2,Michael C. MacCracken,AR2.WG1.8,AR4.WG2.14
WG1+2,Michael C. MacCracken,AR2.WG1.8,AR2.WG2.TS
WG1+2,Victor Magana,AR5.WG1.14,AR3.WG2.15
WG1+2,Andrew C. Manning,AR4.WG1.2,AR3.WG2.SPM
WG1+2,Andrew C. Manning,AR4.WG1.2,AR3.WG2.TS
WG1+2,Andrew C. Manning,AR3.WG1.4,AR3.WG2.SPM
WG1+2,Andrew C. Manning,AR3.WG1.4,AR3.WG2.TS
WG1+2,Harvey J. Marchant,AR2.WG1.10,AR4.WG2.15
WG1+2,Harvey J. Marchant,AR2.WG1.10,AR3.WG2.16
WG1+2,Jose Marengo,AR3.WG1.12,AR4.WG2.13
WG1+2,Jose Marengo,AR3.WG1.12,AR3.WG2.14
WG1+2,Jose Marengo,AR3.WG1.12,AR5.WG2.27
WG1+2,Jose Marengo,AR3.WG1.12,AR5.WG2.SPM
WG1+2,Jose Marengo,AR3.WG1.2,AR4.WG2.13
WG1+2,Jose Marengo,AR3.WG1.2,AR5.WG2.27
WG1+2,Jose Marengo,AR3.WG1.2,AR5.WG2.SPM
WG1+2,Jose Marengo,AR5.WG1.2,AR5.WG2.27
WG1+2,Jose Marengo,AR5.WG1.2,AR5.WG2.SPM
WG1+2,Jose Marengo,AR2.WG1.3,AR4.WG2.13
WG1+2,Jose Marengo,AR2.WG1.3,AR3.WG2.14
WG1+2,Jose Marengo,AR2.WG1.3,AR5.WG2.27
WG1+2,Jose Marengo,AR2.WG1.3,AR5.WG2.SPM
WG1+2,Jose Marengo,AR4.WG1.9,AR5.WG2.27
WG1+2,Jose Marengo,AR4.WG1.9,AR5.WG2.SPM
WG1+2,Luis Jose Mata,AR3.WG1.13,AR3.WG2.14
WG1+2,Luis Jose Mata,AR3.WG1.13,AR4.WG2.3
WG1+2,Luis Jose Mata,AR3.WG1.13,AR5.WG2.3
WG1+2,Luis Jose Mata,AR3.WG1.13,AR3.WG2.SPM
WG1+2,Luis Jose Mata,AR3.WG1.13,AR4.WG2.SPM
WG1+2,Luis Jose Mata,AR3.WG1.13,AR3.WG2.TS
WG1+2,Luis Jose Mata,AR3.WG1.13,AR4.WG2.TS
WG1+2,Luis Jose Mata,AR3.WG1.14,AR4.WG2.3
WG1+2,Luis Jose Mata,AR3.WG1.14,AR5.WG2.3
WG1+2,Luis Jose Mata,AR3.WG1.14,AR3.WG2.SPM
WG1+2,Luis Jose Mata,AR3.WG1.14,AR4.WG2.SPM
WG1+2,Luis Jose Mata,AR3.WG1.14,AR3.WG2.TS
WG1+2,Luis Jose Mata,AR3.WG1.14,AR4.WG2.TS
WG1+2,Luis Jose Mata,AR3.WG1.TS,AR4.WG2.3
WG1+2,Luis Jose Mata,AR3.WG1.TS,AR5.WG2.3
WG1+2,Luis Jose Mata,AR3.WG1.TS,AR4.WG2.SPM
WG1+2,Luis Jose Mata,AR3.WG1.TS,AR4.WG2.TS
WG1+2,Gordon McBean,AR2.WG1.11,AR4.WG2.14
WG1+2,Gordon McBean,AR1.WG1.4,AR4.WG2.14
WG1+2,Gordon McBean,AR2.WG1.TS,AR4.WG2.14
WG1+2,James J. McCarthy,AR1.WG1.11,AR3.WG2.SPM
WG1+2,Kathleen McInnes,AR4.WG1.11,AR3.WG2.12
WG1+2,Kathleen McInnes,AR4.WG1.11,AR5.WG2.25
WG1+2,Kathleen McInnes,AR4.WG1.11,AR5.WG2.5
WG1+2,Kathleen McInnes,AR4.WG1.11,AR4.WG2.6
WG1+2,Kathleen McInnes,AR4.WG1.11,AR2.WG2.9
WG1+2,Kathleen McInnes,AR5.WG1.13,AR5.WG2.25
WG1+2,Kathleen McInnes,AR5.WG1.13,AR5.WG2.5
WG1+2,Kathleen McInnes,AR5.WG1.13,AR4.WG2.6
WG1+2,Kathleen McInnes,AR5.WG1.13,AR2.WG2.9
WG1+2,Linda O. Mearns,AR5.WG1.1,AR4.WG2.2
WG1+2,Linda O. Mearns,AR5.WG1.1,AR5.WG2.21
WG1+2,Linda O. Mearns,AR5.WG1.1,AR3.WG2.3
WG1+2,Linda O. Mearns,AR5.WG1.1,AR5.WG2.SPM
WG1+2,Linda O. Mearns,AR3.WG1.10,AR4.WG2.2
WG1+2,Linda O. Mearns,AR3.WG1.10,AR5.WG2.21
WG1+2,Linda O. Mearns,AR3.WG1.10,AR3.WG2.3
WG1+2,Linda O. Mearns,AR3.WG1.10,AR5.WG2.SPM
WG1+2,Linda O. Mearns,AR4.WG1.11,AR4.WG2.2
WG1+2,Linda O. Mearns,AR4.WG1.11,AR5.WG2.21
WG1+2,Linda O. Mearns,AR4.WG1.11,AR3.WG2.3
WG1+2,Linda O. Mearns,AR4.WG1.11,AR5.WG2.SPM
WG1+2,Linda O. Mearns,AR3.WG1.13,AR4.WG2.2
WG1+2,Linda O. Mearns,AR3.WG1.13,AR5.WG2.21
WG1+2,Linda O. Mearns,AR3.WG1.13,AR3.WG2.3
WG1+2,Linda O. Mearns,AR3.WG1.13,AR5.WG2.SPM
WG1+2,Linda O. Mearns,AR5.WG1.14,AR4.WG2.2
WG1+2,Linda O. Mearns,AR5.WG1.14,AR5.WG2.21
WG1+2,Linda O. Mearns,AR5.WG1.14,AR3.WG2.3
WG1+2,Linda O. Mearns,AR5.WG1.14,AR5.WG2.SPM
WG1+2,Linda O. Mearns,AR2.WG1.6,AR4.WG2.2
WG1+2,Linda O. Mearns,AR2.WG1.6,AR5.WG2.21
WG1+2,Linda O. Mearns,AR2.WG1.6,AR3.WG2.3
WG1+2,Linda O. Mearns,AR2.WG1.6,AR5.WG2.SPM
WG1+2,Linda O. Mearns,AR3.WG1.9,AR4.WG2.2
WG1+2,Linda O. Mearns,AR3.WG1.9,AR5.WG2.21
WG1+2,Linda O. Mearns,AR3.WG1.9,AR5.WG2.SPM
WG1+2,Linda O. Mearns,AR3.WG1.TS,AR4.WG2.2
WG1+2,Linda O. Mearns,AR3.WG1.TS,AR5.WG2.21
WG1+2,Linda O. Mearns,AR3.WG1.TS,AR5.WG2.SPM
WG1+2,Malte Meinshausen,AR5.WG1.1,AR4.WG2.2
WG1+2,Malte Meinshausen,AR4.WG1.10,AR4.WG2.2
WG1+2,Malte Meinshausen,AR5.WG1.12,AR4.WG2.2
WG1+2,L. Menchaca,AR1.WG1.10,AR1.WG2.7
WG1+2,Chris Milly,AR3.WG1.9,AR4.WG2.3
WG1+2,K. Minami,AR1.WG1.1,AR2.WG2.23
WG1+2,Linda Mortsch,AR1.WG1.10,AR4.WG2.14
WG1+2,Linda Mortsch,AR1.WG1.10,AR1.WG2.2
WG1+2,Linda Mortsch,AR1.WG1.10,AR5.WG2.26
WG1+2,Linda Mortsch,AR1.WG1.10,AR3.WG2.7
WG1+2,Linda Mortsch,AR1.WG1.10,AR4.WG2.SPM
WG1+2,Linda Mortsch,AR1.WG1.10,AR4.WG2.TS
WG1+2,Ron Neilson,AR2.WG1.9,AR4.WG2.4
WG1+2,Ron Neilson,AR2.WG1.9,AR3.WG2.5
WG1+2,S. Nicholson,AR2.WG1.3,AR3.WG2.10
WG1+2,Carlos A. Nobre,AR1.WG1.7,AR4.WG2.13
WG1+2,Carlos A. Nobre,AR1.WG1.7,AR3.WG2.14
WG1+2,Carlos A. Nobre,AR1.WG1.7,AR5.WG2.27
WG1+2,Carlos A. Nobre,AR1.WG1.7,AR5.WG2.27
WG1+2,Carlos A. Nobre,AR1.WG1.7,AR3.WG2.TS
WG1+2,Yukihiro Nojiri,AR5.WG1.3,AR5.WG2.6
WG1+2,Yukihiro Nojiri,AR4.WG1.5,AR5.WG2.6
WG1+2,G. North,AR2.WG1.8,AR3.WG2.2
WG1+2,Patrick D. Nunn,AR5.WG1.13,AR2.WG2.8
WG1+2,Laban J. Ogallo,AR1.WG1.1,AR3.WG2.19
WG1+2,Laban J. Ogallo,AR2.WG1.3,AR3.WG2.19
WG1+2,Laban J. Ogallo,AR2.WG1.TS,AR3.WG2.19
WG1+2,Taikan Oki,AR4.WG1.3,AR5.WG2.3
WG1+2,Taikan Oki,AR4.WG1.3,AR5.WG2.SPM
WG1+2,Michael Oppenheimer,AR4.WG1.10,AR4.WG2.19
WG1+2,Michael Oppenheimer,AR4.WG1.10,AR5.WG2.19
WG1+2,Michael Oppenheimer,AR4.WG1.10,AR4.WG2.2
WG1+2,Michael Oppenheimer,AR4.WG1.10,AR1.WG2.5
WG1+2,Michael Oppenheimer,AR4.WG1.10,AR4.WG2.SPM
WG1+2,Michael Oppenheimer,AR4.WG1.10,AR5.WG2.SPM
WG1+2,Michael Oppenheimer,AR4.WG1.10,AR4.WG2.TS
WG1+2,Michael Oppenheimer,AR3.WG1.11,AR4.WG2.19
WG1+2,Michael Oppenheimer,AR3.WG1.11,AR5.WG2.19
WG1+2,Michael Oppenheimer,AR3.WG1.11,AR4.WG2.2
WG1+2,Michael Oppenheimer,AR3.WG1.11,AR1.WG2.5
WG1+2,Michael Oppenheimer,AR3.WG1.11,AR4.WG2.SPM
WG1+2,Michael Oppenheimer,AR3.WG1.11,AR5.WG2.SPM
WG1+2,Michael Oppenheimer,AR3.WG1.11,AR4.WG2.TS
WG1+2,Michael Oppenheimer,AR2.WG1.8,AR4.WG2.19
WG1+2,Michael Oppenheimer,AR2.WG1.8,AR5.WG2.19
WG1+2,Michael Oppenheimer,AR2.WG1.8,AR4.WG2.2
WG1+2,Michael Oppenheimer,AR2.WG1.8,AR4.WG2.SPM
WG1+2,Michael Oppenheimer,AR2.WG1.8,AR5.WG2.SPM
WG1+2,Michael Oppenheimer,AR2.WG1.8,AR4.WG2.TS
WG1+2,Michael Oppenheimer,AR2.WG1.TS,AR4.WG2.19
WG1+2,Michael Oppenheimer,AR2.WG1.TS,AR5.WG2.19
WG1+2,Michael Oppenheimer,AR2.WG1.TS,AR4.WG2.2
WG1+2,Michael Oppenheimer,AR2.WG1.TS,AR4.WG2.SPM
WG1+2,Michael Oppenheimer,AR2.WG1.TS,AR5.WG2.SPM
WG1+2,Michael Oppenheimer,AR2.WG1.TS,AR4.WG2.TS
WG1+2,Michael Oppenheimer,AR3.WG1.TS,AR4.WG2.19
WG1+2,Michael Oppenheimer,AR3.WG1.TS,AR5.WG2.19
WG1+2,Michael Oppenheimer,AR3.WG1.TS,AR4.WG2.2
WG1+2,Michael Oppenheimer,AR3.WG1.TS,AR4.WG2.SPM
WG1+2,Michael Oppenheimer,AR3.WG1.TS,AR5.WG2.SPM
WG1+2,Michael Oppenheimer,AR3.WG1.TS,AR4.WG2.TS
WG1+2,Jonathan Overpeck,AR4.WG1.10,AR5.WG2.4
WG1+2,Jonathan Overpeck,AR4.WG1.10,AR5.WG2.SPM
WG1+2,Jonathan Overpeck,AR3.WG1.2,AR5.WG2.4
WG1+2,Jonathan Overpeck,AR3.WG1.2,AR5.WG2.SPM
WG1+2,Jonathan Overpeck,AR4.WG1.6,AR5.WG2.4
WG1+2,Jonathan Overpeck,AR4.WG1.6,AR5.WG2.SPM
WG1+2,Jonathan Overpeck,AR2.WG1.9,AR5.WG2.4
WG1+2,Jonathan Overpeck,AR2.WG1.9,AR5.WG2.SPM
WG1+2,Jonathan Overpeck,AR4.WG1.SPM,AR5.WG2.4
WG1+2,Jonathan Overpeck,AR4.WG1.SPM,AR5.WG2.SPM
WG1+2,Jonathan Overpeck,AR4.WG1.TS,AR5.WG2.4
WG1+2,Jonathan Overpeck,AR4.WG1.TS,AR5.WG2.SPM
WG1+2,Christian Pfister,AR4.WG1.1,AR4.WG2.7
WG1+2,Christian Pfister,AR3.WG1.2,AR4.WG2.7
WG1+2,L.F. Pitelka,AR3.WG1.3,AR2.WG2.A
WG1+2,L.F. Pitelka,AR2.WG1.9,AR2.WG2.A
WG1+2,A. Barrie Pittock,AR1.WG1.5,AR3.WG2.12
WG1+2,A. Barrie Pittock,AR1.WG1.5,AR2.WG2.14
WG1+2,A. Barrie Pittock,AR1.WG1.5,AR3.WG2.19
WG1+2,A. Barrie Pittock,AR1.WG1.5,AR4.WG2.19
WG1+2,A. Barrie Pittock,AR1.WG1.5,AR3.WG2.3
WG1+2,A. Barrie Pittock,AR1.WG1.5,AR2.WG2.8
WG1+2,A. Barrie Pittock,AR1.WG1.5,AR3.WG2.SPM
WG1+2,A. Barrie Pittock,AR1.WG1.5,AR3.WG2.TS
WG1+2,A. Barrie Pittock,AR1.WG1.7,AR3.WG2.12
WG1+2,A. Barrie Pittock,AR1.WG1.7,AR2.WG2.14
WG1+2,A. Barrie Pittock,AR1.WG1.7,AR3.WG2.19
WG1+2,A. Barrie Pittock,AR1.WG1.7,AR4.WG2.19
WG1+2,A. Barrie Pittock,AR1.WG1.7,AR3.WG2.3
WG1+2,A. Barrie Pittock,AR1.WG1.7,AR2.WG2.8
WG1+2,A. Barrie Pittock,AR1.WG1.7,AR3.WG2.SPM
WG1+2,A. Barrie Pittock,AR1.WG1.7,AR3.WG2.TS
WG1+2,A. Barrie Pittock,AR1.WG1.8,AR3.WG2.12
WG1+2,A. Barrie Pittock,AR1.WG1.8,AR2.WG2.14
WG1+2,A. Barrie Pittock,AR1.WG1.8,AR3.WG2.19
WG1+2,A. Barrie Pittock,AR1.WG1.8,AR4.WG2.19
WG1+2,A. Barrie Pittock,AR1.WG1.8,AR3.WG2.3
WG1+2,A. Barrie Pittock,AR1.WG1.8,AR2.WG2.8
WG1+2,A. Barrie Pittock,AR1.WG1.8,AR3.WG2.SPM
WG1+2,A. Barrie Pittock,AR1.WG1.8,AR3.WG2.TS
WG1+2,Michael Prather,AR4.WG1.1,AR5.WG2.1
WG1+2,Michael Prather,AR4.WG1.1,AR5.WG2.SPM
WG1+2,Michael Prather,AR5.WG1.11,AR5.WG2.SPM
WG1+2,Michael Prather,AR1.WG1.12,AR5.WG2.1
WG1+2,Michael Prather,AR1.WG1.12,AR5.WG2.SPM
WG1+2,Michael Prather,AR2.WG1.2,AR5.WG2.1
WG1+2,Michael Prather,AR2.WG1.2,AR5.WG2.SPM
WG1+2,Michael Prather,AR3.WG1.4,AR5.WG2.1
WG1+2,Michael Prather,AR3.WG1.4,AR5.WG2.SPM
WG1+2,Michael Prather,AR5.WG1.8,AR5.WG2.SPM
WG1+2,Michael Prather,AR2.WG1.TS,AR5.WG2.1
WG1+2,Michael Prather,AR2.WG1.TS,AR5.WG2.SPM
WG1+2,Michael Prather,AR3.WG1.TS,AR5.WG2.1
WG1+2,Michael Prather,AR3.WG1.TS,AR5.WG2.SPM
WG1+2,Terry D. Prowse,AR4.WG1.4,AR5.WG2.28
WG1+2,Terry D. Prowse,AR4.WG1.4,AR3.WG2.5
WG1+2,Terry D. Prowse,AR4.WG1.4,AR2.WG2.7
WG1+2,Terry D. Prowse,AR5.WG1.4,AR3.WG2.5
WG1+2,Terry D. Prowse,AR5.WG1.4,AR2.WG2.7
WG1+2,Dahe Qin,AR3.WG1.11,AR3.WG2.16
WG1+2,Dahe Qin,AR3.WG1.11,AR3.WG2.17
WG1+2,Stefan Rahmstorf,AR5.WG1.12,AR3.WG2.19
WG1+2,E.Ya. Rankova,AR2.WG1.3,AR3.WG2.11
WG1+2,Sarah C.B. Raper,AR4.WG1.10,AR4.WG2.2
WG1+2,Sarah C.B. Raper,AR3.WG1.11,AR4.WG2.2
WG1+2,Sarah C.B. Raper,AR1.WG1.12,AR4.WG2.2
WG1+2,Sarah C.B. Raper,AR1.WG1.6,AR4.WG2.2
WG1+2,Sarah C.B. Raper,AR2.WG1.6,AR4.WG2.2
WG1+2,Sarah C.B. Raper,AR2.WG1.7,AR4.WG2.2
WG1+2,Sarah C.B. Raper,AR1.WG1.8,AR4.WG2.2
WG1+2,Sarah C.B. Raper,AR1.WG1.9,AR4.WG2.2
WG1+2,Sarah C.B. Raper,AR3.WG1.9,AR4.WG2.2
WG1+2,Sarah C.B. Raper,AR3.WG1.TS,AR4.WG2.2
WG1+2,Alan Robock,AR5.WG1.11,AR5.WG2.19
WG1+2,Alan Robock,AR3.WG1.12,AR5.WG2.19
WG1+2,Alan Robock,AR2.WG1.2,AR5.WG2.19
WG1+2,Alan Robock,AR3.WG1.2,AR5.WG2.19
WG1+2,Alan Robock,AR2.WG1.4,AR5.WG2.19
WG1+2,Alan Robock,AR2.WG1.5,AR5.WG2.19
WG1+2,Alan Robock,AR2.WG1.8,AR5.WG2.19
WG1+2,Steve Running,AR2.WG1.9,AR4.WG2.14
WG1+2,"Michael James ""Jim"" Salinger",AR3.WG1.2,AR4.WG2.11
WG1+2,"Michael James ""Jim"" Salinger",AR3.WG1.TS,AR4.WG2.11
WG1+2,David Schimel,AR3.WG1.1,AR3.WG2.15
WG1+2,David Schimel,AR1.WG1.10,AR3.WG2.15
WG1+2,David Schimel,AR2.WG1.2,AR3.WG2.15
WG1+2,David Schimel,AR2.WG1.9,AR3.WG2.15
WG1+2,David Schimel,AR2.WG1.TS,AR3.WG2.15
WG1+2,Stephen Schneider,AR2.WG1.11,AR4.WG2.19
WG1+2,Stephen Schneider,AR2.WG1.11,AR4.WG2.SPM
WG1+2,Stephen Schneider,AR2.WG1.11,AR4.WG2.TS
WG1+2,Stephen Schneider,AR1.WG1.4,AR4.WG2.19
WG1+2,Stephen Schneider,AR1.WG1.4,AR4.WG2.SPM
WG1+2,Stephen Schneider,AR1.WG1.4,AR4.WG2.TS
WG1+2,Stephen Schneider,AR1.WG1.5,AR4.WG2.19
WG1+2,Stephen Schneider,AR1.WG1.5,AR4.WG2.SPM
WG1+2,Stephen Schneider,AR1.WG1.5,AR4.WG2.TS
WG1+2,Stephen Schneider,AR3.WG1.6,AR4.WG2.19
WG1+2,Stephen Schneider,AR3.WG1.6,AR4.WG2.SPM
WG1+2,Stephen Schneider,AR3.WG1.6,AR4.WG2.TS
WG1+2,Frederick H.M. Semazzi,AR3.WG1.10,AR4.WG2.9
WG1+2,Frederick H.M. Semazzi,AR3.WG1.12,AR4.WG2.9
WG1+2,Frederick H.M. Semazzi,AR4.WG1.3,AR4.WG2.9
WG1+2,Frederick H.M. Semazzi,AR2.WG1.5,AR3.WG2.10
WG1+2,Frederick H.M. Semazzi,AR2.WG1.5,AR4.WG2.9
WG1+2,Frederick H.M. Semazzi,AR2.WG1.6,AR3.WG2.10
WG1+2,Frederick H.M. Semazzi,AR2.WG1.6,AR4.WG2.9
WG1+2,Frederick H.M. Semazzi,AR3.WG1.8,AR4.WG2.9
WG1+2,Igor Shiklomanov,AR2.WG1.3,AR3.WG2.16
WG1+2,Igor Shiklomanov,AR2.WG1.3,AR4.WG2.3
WG1+2,Igor Shiklomanov,AR2.WG1.3,AR1.WG2.4
WG1+2,Igor Shiklomanov,AR2.WG1.3,AR3.WG2.4
WG1+2,Mxolisi Shongwe,AR5.WG1.12,AR5.WG2.22
WG1+2,S.K. Sinha,AR1.WG1.10,AR3.WG2.19
WG1+2,S.K. Sinha,AR1.WG1.10,AR1.WG2.2
WG1+2,S.K. Sinha,AR1.WG1.10,AR2.WG2.TS
WG1+2,Doug M. Smith,AR5.WG1.11,AR3.WG2.18
WG1+2,Doug M. Smith,AR5.WG1.11,AR3.WG2.19
WG1+2,Doug M. Smith,AR5.WG1.11,AR3.WG2.SPM
WG1+2,Doug M. Smith,AR5.WG1.11,AR3.WG2.TS
WG1+2,Doug M. Smith,AR5.WG1.3,AR3.WG2.SPM
WG1+2,Doug M. Smith,AR5.WG1.3,AR3.WG2.TS
WG1+2,Joel B. Smith,AR3.WG1.4,AR5.WG2.11
WG1+2,Joel B. Smith,AR3.WG1.4,AR5.WG2.14
WG1+2,Joel B. Smith,AR3.WG1.4,AR4.WG2.17
WG1+2,Joel B. Smith,AR3.WG1.4,AR4.WG2.19
WG1+2,Joel B. Smith,AR3.WG1.4,AR4.WG2.SPM
WG1+2,Joel B. Smith,AR3.WG1.4,AR4.WG2.TS
WG1+2,Joel B. Smith,AR3.WG1.6,AR5.WG2.11
WG1+2,Joel B. Smith,AR3.WG1.6,AR5.WG2.14
WG1+2,Joel B. Smith,AR3.WG1.6,AR4.WG2.17
WG1+2,Joel B. Smith,AR3.WG1.6,AR4.WG2.19
WG1+2,Joel B. Smith,AR3.WG1.6,AR4.WG2.SPM
WG1+2,Joel B. Smith,AR3.WG1.6,AR4.WG2.TS
WG1+2,Doug M. Smith,AR4.WG1.8,AR3.WG2.SPM
WG1+2,Doug M. Smith,AR4.WG1.8,AR3.WG2.TS
WG1+2,Joel B. Smith,AR3.WG1.9,AR5.WG2.11
WG1+2,Joel B. Smith,AR3.WG1.9,AR5.WG2.14
WG1+2,Joel B. Smith,AR3.WG1.9,AR4.WG2.17
WG1+2,Joel B. Smith,AR3.WG1.9,AR4.WG2.19
WG1+2,Joel B. Smith,AR3.WG1.9,AR4.WG2.SPM
WG1+2,Joel B. Smith,AR3.WG1.9,AR4.WG2.TS
WG1+2,Olga Solomina,AR4.WG1.4,AR2.WG2.5
WG1+2,Olga Solomina,AR5.WG1.4,AR2.WG2.5
WG1+2,Andrew Solow,AR1.WG1.7,AR5.WG2.18
WG1+2,Andrew Solow,AR1.WG1.8,AR5.WG2.18
WG1+2,Jayaraman Srinivasan,AR2.WG1.2,AR3.WG2.11
WG1+2,Daithi A. Stone,AR4.WG1.11,AR5.WG2.18
WG1+2,Daithi A. Stone,AR4.WG1.11,AR5.WG2.22
WG1+2,Daithi A. Stone,AR4.WG1.11,AR5.WG2.30
WG1+2,John M.R. Stone,AR3.WG1.8,AR4.WG2.15
WG1+2,John M.R. Stone,AR3.WG1.8,AR4.WG2.20
WG1+2,John M.R. Stone,AR3.WG1.8,AR5.WG2.28
WG1+2,John M.R. Stone,AR3.WG1.8,AR4.WG2.SPM
WG1+2,John M.R. Stone,AR3.WG1.8,AR4.WG2.TS
WG1+2,Daithi A. Stone,AR4.WG1.8,AR5.WG2.18
WG1+2,Daithi A. Stone,AR4.WG1.8,AR5.WG2.22
WG1+2,Daithi A. Stone,AR4.WG1.8,AR5.WG2.30
WG1+2,John M.R. Stone,AR3.WG1.9,AR4.WG2.15
WG1+2,John M.R. Stone,AR3.WG1.9,AR4.WG2.20
WG1+2,John M.R. Stone,AR3.WG1.9,AR5.WG2.28
WG1+2,John M.R. Stone,AR3.WG1.9,AR4.WG2.SPM
WG1+2,John M.R. Stone,AR3.WG1.9,AR4.WG2.TS
WG1+2,Daithi A. Stone,AR4.WG1.9,AR5.WG2.18
WG1+2,Daithi A. Stone,AR4.WG1.9,AR5.WG2.22
WG1+2,Daithi A. Stone,AR4.WG1.9,AR5.WG2.30
WG1+2,Daithi A. Stone,AR4.WG1.SPM,AR5.WG2.18
WG1+2,Daithi A. Stone,AR4.WG1.SPM,AR5.WG2.22
WG1+2,Daithi A. Stone,AR4.WG1.SPM,AR5.WG2.30
WG1+2,John M.R. Stone,AR3.WG1.TS,AR4.WG2.15
WG1+2,John M.R. Stone,AR3.WG1.TS,AR4.WG2.20
WG1+2,John M.R. Stone,AR3.WG1.TS,AR5.WG2.28
WG1+2,John M.R. Stone,AR3.WG1.TS,AR4.WG2.SPM
WG1+2,John M.R. Stone,AR3.WG1.TS,AR4.WG2.TS
WG1+2,Daithi A. Stone,AR4.WG1.TS,AR5.WG2.18
WG1+2,Daithi A. Stone,AR4.WG1.TS,AR5.WG2.22
WG1+2,Daithi A. Stone,AR4.WG1.TS,AR5.WG2.30
WG1+2,E. Sulzman,AR2.WG1.2,AR2.WG2.5
WG1+2,B.H. Svensson,AR1.WG1.1,AR2.WG2.6
WG1+2,B.H. Svensson,AR1.WG1.1,AR2.WG2.TS
WG1+2,Claudia Tebaldi,AR4.WG1.10,AR4.WG2.2
WG1+2,Claudia Tebaldi,AR4.WG1.11,AR4.WG2.2
WG1+2,Claudia Tebaldi,AR5.WG1.12,AR4.WG2.2
WG1+2,Bart van den Hurk,AR5.WG1.11,AR5.WG2.3
WG1+2,David Vaughan,AR4.WG1.10,AR4.WG2.15
WG1+2,David Vaughan,AR4.WG1.10,AR3.WG2.16
WG1+2,David Vaughan,AR4.WG1.10,AR4.WG2.SPM
WG1+2,David Vaughan,AR4.WG1.10,AR4.WG2.TS
WG1+2,David Vaughan,AR3.WG1.2,AR4.WG2.15
WG1+2,David Vaughan,AR3.WG1.2,AR4.WG2.SPM
WG1+2,David Vaughan,AR3.WG1.2,AR4.WG2.TS
WG1+2,David Vaughan,AR4.WG1.4,AR4.WG2.SPM
WG1+2,David Vaughan,AR4.WG1.4,AR4.WG2.TS
WG1+2,David Vaughan,AR5.WG1.4,AR4.WG2.SPM
WG1+2,David Vaughan,AR5.WG1.4,AR4.WG2.TS
WG1+2,David Vaughan,AR5.WG1.SPM,AR4.WG2.TS
WG1+2,Andrei A. Velichko,AR1.WG1.5,AR3.WG2.13
WG1+2,Andrei A. Velichko,AR1.WG1.5,AR3.WG2.3
WG1+2,Andrei A. Velichko,AR1.WG1.5,AR4.WG2.4
WG1+2,Andrei A. Velichko,AR1.WG1.5,AR1.WG2.7
WG1+2,Hans von Storch,AR3.WG1.10,AR5.WG2.2
WG1+2,Hans von Storch,AR3.WG1.2,AR5.WG2.2
WG1+2,Hans von Storch,AR2.WG1.6,AR5.WG2.2
WG1+2,Peter Wadhams,AR5.WG1.1,AR2.WG2.7
WG1+2,Peter Wadhams,AR3.WG1.2,AR2.WG2.7
WG1+2,Peter Wadhams,AR5.WG1.4,AR2.WG2.7
WG1+2,Peter Wadhams,AR1.WG1.7,AR2.WG2.7
WG1+2,John E. Walsh,AR2.WG1.10,AR3.WG2.12
WG1+2,John E. Walsh,AR2.WG1.10,AR4.WG2.15
WG1+2,John E. Walsh,AR3.WG1.10,AR3.WG2.12
WG1+2,John E. Walsh,AR3.WG1.10,AR4.WG2.15
WG1+2,John E. Walsh,AR2.WG1.3,AR3.WG2.12
WG1+2,John E. Walsh,AR2.WG1.3,AR4.WG2.15
WG1+2,John E. Walsh,AR1.WG1.4,AR3.WG2.12
WG1+2,John E. Walsh,AR1.WG1.4,AR4.WG2.15
WG1+2,Richard A. Warrick,AR1.WG1.12,AR4.WG2.11
WG1+2,Richard A. Warrick,AR1.WG1.12,AR3.WG2.2
WG1+2,Richard A. Warrick,AR1.WG1.12,AR2.WG2.9
WG1+2,Richard A. Warrick,AR1.WG1.12,AR3.WG2.SPM
WG1+2,Richard A. Warrick,AR1.WG1.12,AR3.WG2.TS
WG1+2,Richard A. Warrick,AR1.WG1.9,AR4.WG2.11
WG1+2,Richard A. Warrick,AR1.WG1.9,AR3.WG2.2
WG1+2,Richard A. Warrick,AR1.WG1.9,AR2.WG2.9
WG1+2,Richard A. Warrick,AR1.WG1.9,AR3.WG2.SPM
WG1+2,Richard A. Warrick,AR1.WG1.9,AR3.WG2.TS
WG1+2,Richard Washington,AR4.WG1.3,AR4.WG2.9
WG1+2,Robert T. Watson,AR1.WG1.1,AR2.WG2.TS
WG1+2,Robert T. Watson,AR3.WG1.10,AR2.WG2.TS
WG1+2,Robert T. Watson,AR3.WG1.12,AR2.WG2.TS
WG1+2,Robert T. Watson,AR3.WG1.13,AR2.WG2.TS
WG1+2,Penny Whetton,AR3.WG1.10,AR5.WG2.25
WG1+2,Penny Whetton,AR4.WG1.11,AR5.WG2.25
WG1+2,Penny Whetton,AR3.WG1.13,AR5.WG2.25
WG1+2,Penny Whetton,AR2.WG1.6,AR5.WG2.25
WG1+2,Penny Whetton,AR3.WG1.9,AR5.WG2.25
WG1+2,Penny Whetton,AR4.WG1.SPM,AR5.WG2.25
WG1+2,Penny Whetton,AR4.WG1.TS,AR5.WG2.25
WG1+2,Robert Wilby,AR3.WG1.10,AR4.WG2.3
WG1+2,Robert Wilby,AR4.WG1.11,AR4.WG2.3
WG1+2,Robert Wilby,AR3.WG1.13,AR4.WG2.3
WG1+2,D. Williamson,AR2.WG1.5,AR3.WG2.5
WG1+2,Philip Woodworth,AR3.WG1.11,AR2.WG2.9
WG1+2,Philip Woodworth,AR5.WG1.13,AR2.WG2.9
WG1+2,Philip Woodworth,AR5.WG1.3,AR2.WG2.9
WG1+2,Philip Woodworth,AR4.WG1.5,AR2.WG2.9
WG1+2,Philip Woodworth,AR2.WG1.7,AR2.WG2.9
WG1+2,Philip Woodworth,AR1.WG1.9,AR2.WG2.9
WG1+2,David Wratt,AR5.WG1.14,AR3.WG2.SPM
WG1+2,David Wratt,AR5.WG1.14,AR3.WG2.TS
WG1+2,David Wratt,AR4.WG1.5,AR3.WG2.SPM
WG1+2,David Wratt,AR4.WG1.5,AR3.WG2.TS
WG1+2,David Wratt,AR4.WG1.SPM,AR3.WG2.TS
WG1+2,John Zillman,AR2.WG1.TS,AR4.WG2.19
WG1+2,John Zillman,AR3.WG1.TS,AR4.WG2.19
WG1+3,John M. Christensen,AR3.WG1.10,AR3.WG3.TS
WG1+3,Jonathan M. Gregory,AR4.WG1.10,AR3.WG3.3
WG1+3,Jonathan M. Gregory,AR4.WG1.10,AR3.WG3.SPM
WG1+3,Jonathan M. Gregory,AR5.WG1.10,AR3.WG3.3
WG1+3,Jonathan M. Gregory,AR5.WG1.10,AR3.WG3.SPM
WG1+3,Jonathan M. Gregory,AR5.WG1.12,AR3.WG3.3
WG1+3,Jonathan M. Gregory,AR5.WG1.12,AR3.WG3.SPM
WG1+3,Jonathan M. Gregory,AR5.WG1.13,AR3.WG3.3
WG1+3,Jonathan M. Gregory,AR5.WG1.13,AR3.WG3.SPM
WG1+3,Jonathan M. Gregory,AR4.WG1.5,AR3.WG3.SPM
WG1+3,Jonathan M. Gregory,AR2.WG1.6,AR3.WG3.3
WG1+3,Jonathan M. Gregory,AR2.WG1.6,AR3.WG3.SPM
WG1+3,Jonathan M. Gregory,AR2.WG1.7,AR3.WG3.3
WG1+3,Jonathan M. Gregory,AR2.WG1.7,AR3.WG3.SPM
WG1+3,Jonathan M. Gregory,AR2.WG1.8,AR3.WG3.3
WG1+3,Jonathan M. Gregory,AR2.WG1.8,AR3.WG3.SPM
WG1+3,Jonathan M. Gregory,AR4.WG1.8,AR3.WG3.SPM
WG1+3,Jonathan M. Gregory,AR4.WG1.9,AR3.WG3.SPM
WG1+3,Alex Hall,AR5.WG1.14,AR3.WG3.5
WG1+3,Danny Harvey,AR1.WG1.4,AR4.WG3.6
WG1+3,Thomas R. Karl,AR3.WG1.2,AR1.WG3.4
WG1+3,Thomas R. Karl,AR2.WG1.3,AR1.WG3.4
WG1+3,Thomas R. Karl,AR4.WG1.3,AR1.WG3.4
WG1+3,Werner A. Kurz,AR2.WG1.9,AR4.WG3.9
WG1+3,D.L. Mauzerall,AR3.WG1.4,AR3.WG3.9
WG1+3,Mack McFarland,AR3.WG1.4,AR4.WG3.2
WG1+3,Mack McFarland,AR2.WG1.TS,AR4.WG3.2
WG1+3,Mack McFarland,AR2.WG1.TS,AR3.WG3.3
WG1+3,Mack McFarland,AR3.WG1.TS,AR4.WG3.2
WG1+3,Ronald J. Stouffer,AR4.WG1.1,AR5.WG3.10
WG1+3,Ronald J. Stouffer,AR4.WG1.10,AR5.WG3.10
WG1+3,Ronald J. Stouffer,AR3.WG1.11,AR5.WG3.10
WG1+3,Ronald J. Stouffer,AR3.WG1.14,AR5.WG3.10
WG1+3,Ronald J. Stouffer,AR1.WG1.5,AR5.WG3.10
WG1+3,Ronald J. Stouffer,AR2.WG1.5,AR5.WG3.10
WG1+3,Ronald J. Stouffer,AR1.WG1.6,AR5.WG3.10
WG1+3,Ronald J. Stouffer,AR2.WG1.6,AR5.WG3.10
WG1+3,Ronald J. Stouffer,AR3.WG1.8,AR5.WG3.10
WG1+3,Ronald J. Stouffer,AR4.WG1.8,AR5.WG3.10
WG1+3,Ronald J. Stouffer,AR3.WG1.9,AR5.WG3.10
WG1+3,Ronald J. Stouffer,AR4.WG1.SPM,AR5.WG3.10
WG1+3,Ronald J. Stouffer,AR3.WG1.TS,AR5.WG3.10
WG1+3,Ronald J. Stouffer,AR4.WG1.TS,AR5.WG3.10
WG1+3,Karl E. Taylor,AR4.WG1.1,AR2.WG3.5
WG1+3,Karl E. Taylor,AR4.WG1.1,AR2.WG3.6
WG1+3,Karl E. Taylor,AR4.WG1.1,AR3.WG3.7
WG1+3,Karl E. Taylor,AR4.WG1.1,AR2.WG3.8
WG1+3,Karl E. Taylor,AR4.WG1.1,AR3.WG3.TS
WG1+3,Karl E. Taylor,AR4.WG1.10,AR2.WG3.5
WG1+3,Karl E. Taylor,AR4.WG1.10,AR2.WG3.6
WG1+3,Karl E. Taylor,AR4.WG1.10,AR3.WG3.7
WG1+3,Karl E. Taylor,AR4.WG1.10,AR2.WG3.8
WG1+3,Karl E. Taylor,AR4.WG1.10,AR3.WG3.TS
WG1+3,Karl E. Taylor,AR5.WG1.12,AR2.WG3.5
WG1+3,Karl E. Taylor,AR5.WG1.12,AR2.WG3.6
WG1+3,Karl E. Taylor,AR5.WG1.12,AR3.WG3.7
WG1+3,Karl E. Taylor,AR5.WG1.12,AR2.WG3.8
WG1+3,Karl E. Taylor,AR5.WG1.12,AR3.WG3.TS
WG1+3,Karl E. Taylor,AR2.WG1.5,AR2.WG3.6
WG1+3,Karl E. Taylor,AR2.WG1.5,AR3.WG3.7
WG1+3,Karl E. Taylor,AR2.WG1.5,AR2.WG3.8
WG1+3,Karl E. Taylor,AR2.WG1.5,AR3.WG3.TS
WG1+3,Karl E. Taylor,AR2.WG1.6,AR3.WG3.7
WG1+3,Karl E. Taylor,AR2.WG1.6,AR2.WG3.8
WG1+3,Karl E. Taylor,AR2.WG1.6,AR3.WG3.TS
WG1+3,Karl E. Taylor,AR2.WG1.8,AR3.WG3.7
WG1+3,Karl E. Taylor,AR2.WG1.8,AR3.WG3.TS
WG1+3,Karl E. Taylor,AR4.WG1.8,AR3.WG3.TS
WG2+3,Roberto Acosta Moreno,AR2.WG2.11,AR5.WG3.14
WG2+3,Roberto Acosta Moreno,AR2.WG2.TS,AR5.WG3.14
WG2+3,Shardul Agrawala,AR4.WG2.17,AR5.WG3.14
WG2+3,Shardul Agrawala,AR2.WG2.25,AR5.WG3.14
WG2+3,Shardul Agrawala,AR4.WG2.SPM,AR5.WG3.14
WG2+3,Shardul Agrawala,AR2.WG2.TS,AR5.WG3.14
WG2+3,Shardul Agrawala,AR4.WG2.TS,AR5.WG3.14
WG2+3,Hashem Akbari,AR2.WG2.22,AR5.WG3.9
WG2+3,Joseph M. Alcamo,AR4.WG2.12,AR3.WG3.2
WG2+3,Michael J. Apps,AR3.WG2.5,AR4.WG3.9
WG2+3,H. Audus,AR2.WG2.19,AR3.WG3.3
WG2+3,Eduardo Calvo Buendia,AR5.WG2.17,AR3.WG3.4
WG2+3,Eduardo Calvo Buendia,AR5.WG2.17,AR4.WG3.9
WG2+3,Jean-Paul Ceron,AR4.WG2.7,AR5.WG3.10
WG2+3,Jean-Paul Ceron,AR4.WG2.7,AR4.WG3.TS
WG2+3,Carlos Clemente Cerri,AR2.WG2.23,AR3.WG3.4
WG2+3,Carlos Clemente Cerri,AR2.WG2.TS,AR3.WG3.4
WG2+3,G. Chichilnisky,AR3.WG2.15,AR2.WG3.2
WG2+3,R. Christ,AR2.WG2.26,AR3.WG3.SPM
WG2+3,Jorge O. Codignotto,AR3.WG2.14,AR4.WG3.TS
WG2+3,Jorge O. Codignotto,AR3.WG2.6,AR4.WG3.TS
WG2+3,Jorge O. Codignotto,AR4.WG2.6,AR4.WG3.TS
WG2+3,Jan Corfee-Morlot,AR4.WG2.19,AR4.WG3.3
WG2+3,Ogunlade R. Davidson,AR2.WG2.21,AR2.WG3.8
WG2+3,Ogunlade R. Davidson,AR2.WG2.21,AR2.WG3.9
WG2+3,Ogunlade R. Davidson,AR2.WG2.21,AR3.WG3.SPM
WG2+3,Ogunlade R. Davidson,AR2.WG2.21,AR4.WG3.SPM
WG2+3,Ogunlade R. Davidson,AR2.WG2.21,AR3.WG3.TS
WG2+3,Ogunlade R. Davidson,AR2.WG2.21,AR4.WG3.TS
WG2+3,Ogunlade R. Davidson,AR2.WG2.27,AR2.WG3.8
WG2+3,Ogunlade R. Davidson,AR2.WG2.27,AR2.WG3.9
WG2+3,Ogunlade R. Davidson,AR2.WG2.27,AR3.WG3.SPM
WG2+3,Ogunlade R. Davidson,AR2.WG2.27,AR4.WG3.SPM
WG2+3,Ogunlade R. Davidson,AR2.WG2.27,AR3.WG3.TS
WG2+3,Ogunlade R. Davidson,AR2.WG2.27,AR4.WG3.TS
WG2+3,Ogunlade R. Davidson,AR2.WG2.TS,AR3.WG3.SPM
WG2+3,Ogunlade R. Davidson,AR2.WG2.TS,AR4.WG3.SPM
WG2+3,Ogunlade R. Davidson,AR2.WG2.TS,AR3.WG3.TS
WG2+3,Ogunlade R. Davidson,AR2.WG2.TS,AR4.WG3.TS
WG2+3,James Edmonds,AR2.WG2.19,AR3.WG3.10
WG2+3,James Edmonds,AR2.WG2.19,AR4.WG3.2
WG2+3,James Edmonds,AR2.WG2.19,AR5.WG3.7
WG2+3,James Edmonds,AR2.WG2.19,AR2.WG3.8
WG2+3,James Edmonds,AR2.WG2.19,AR3.WG3.8
WG2+3,James Edmonds,AR2.WG2.19,AR2.WG3.9
WG2+3,James Edmonds,AR2.WG2.19,AR3.WG3.SPM
WG2+3,James Edmonds,AR2.WG2.25,AR3.WG3.10
WG2+3,James Edmonds,AR2.WG2.25,AR4.WG3.2
WG2+3,James Edmonds,AR2.WG2.25,AR5.WG3.7
WG2+3,James Edmonds,AR2.WG2.25,AR2.WG3.8
WG2+3,James Edmonds,AR2.WG2.25,AR3.WG3.8
WG2+3,James Edmonds,AR2.WG2.25,AR2.WG3.9
WG2+3,James Edmonds,AR2.WG2.25,AR3.WG3.SPM
WG2+3,James Edmonds,AR2.WG2.TS,AR3.WG3.10
WG2+3,James Edmonds,AR2.WG2.TS,AR4.WG3.2
WG2+3,James Edmonds,AR2.WG2.TS,AR5.WG3.7
WG2+3,James Edmonds,AR2.WG2.TS,AR3.WG3.8
WG2+3,James Edmonds,AR2.WG2.TS,AR3.WG3.SPM
WG2+3,Samuel Fankhauser,AR4.WG2.17,AR2.WG3.6
WG2+3,Samuel Fankhauser,AR5.WG2.17,AR2.WG3.6
WG2+3,Samuel Fankhauser,AR3.WG2.19,AR2.WG3.6
WG2+3,Justin Ford-Robertson,AR3.WG2.12,AR4.WG3.9
WG2+3,David L. Greene,AR2.WG2.11,AR3.WG3.3
WG2+3,David L. Greene,AR2.WG2.11,AR4.WG3.5
WG2+3,David L. Greene,AR2.WG2.21,AR3.WG3.3
WG2+3,David L. Greene,AR2.WG2.21,AR4.WG3.5
WG2+3,Sujata Gupta,AR3.WG2.3,AR4.WG3.13
WG2+3,Sujata Gupta,AR3.WG2.3,AR5.WG3.16
WG2+3,Sujata Gupta,AR3.WG2.3,AR4.WG3.SPM
WG2+3,Sujata Gupta,AR3.WG2.3,AR4.WG3.TS
WG2+3,Shreekant Gupta,AR3.WG2.7,AR5.WG3.2
WG2+3,Shreekant Gupta,AR3.WG2.SPM,AR5.WG3.2
WG2+3,Sujata Gupta,AR3.WG2.TS,AR4.WG3.13
WG2+3,Sujata Gupta,AR3.WG2.TS,AR5.WG3.16
WG2+3,Sujata Gupta,AR3.WG2.TS,AR4.WG3.SPM
WG2+3,Sujata Gupta,AR3.WG2.TS,AR4.WG3.TS
WG2+3,Daniel M. Gwary,AR3.WG2.10,AR4.WG3.8
WG2+3,K. Hogan,AR2.WG2.22,AR2.WG3.8
WG2+3,K. Hogan,AR2.WG2.22,AR2.WG3.9
WG2+3,K. Hogan,AR2.WG2.28,AR2.WG3.8
WG2+3,K. Hogan,AR2.WG2.28,AR2.WG3.9
WG2+3,Mark Howden,AR4.WG2.11,AR4.WG3.8
WG2+3,Mark Howden,AR3.WG2.12,AR4.WG3.8
WG2+3,Mark Howden,AR2.WG2.13,AR4.WG3.8
WG2+3,Mark Howden,AR2.WG2.2,AR4.WG3.8
WG2+3,Mark Howden,AR5.WG2.25,AR4.WG3.8
WG2+3,Mark Howden,AR3.WG2.5,AR4.WG3.8
WG2+3,Mark Howden,AR4.WG2.5,AR4.WG3.8
WG2+3,Mark Howden,AR5.WG2.7,AR4.WG3.8
WG2+3,Atsushi Inaba,AR2.WG2.19,AR5.WG3.12
WG2+3,Hisashi Ishitani,AR2.WG2.19,AR3.WG3.3
WG2+3,Hisashi Ishitani,AR2.WG2.19,AR3.WG3.SPM
WG2+3,Hisashi Ishitani,AR2.WG2.19,AR3.WG3.TS
WG2+3,Hisashi Ishitani,AR2.WG2.B,AR3.WG3.3
WG2+3,Hisashi Ishitani,AR2.WG2.B,AR3.WG3.SPM
WG2+3,Hisashi Ishitani,AR2.WG2.B,AR3.WG3.TS
WG2+3,Hisashi Ishitani,AR2.WG2.TS,AR3.WG3.3
WG2+3,Hisashi Ishitani,AR2.WG2.TS,AR3.WG3.SPM
WG2+3,Hisashi Ishitani,AR2.WG2.TS,AR3.WG3.TS
WG2+3,Mostafa Jafari,AR4.WG2.10,AR5.WG3.11
WG2+3,M. Jefferson,AR2.WG2.19,AR3.WG3.5
WG2+3,M. Jefferson,AR2.WG2.19,AR2.WG3.7
WG2+3,Takao Kashiwagi,AR2.WG2.20,AR3.WG3.3
WG2+3,Takao Kashiwagi,AR2.WG2.TS,AR3.WG3.3
WG2+3,P.E. Kauppi,AR2.WG2.24,AR3.WG3.4
WG2+3,P.E. Kauppi,AR2.WG2.24,AR3.WG3.SPM
WG2+3,P.E. Kauppi,AR2.WG2.24,AR3.WG3.TS
WG2+3,Howard Kunreuther,AR5.WG2.17,AR5.WG3.2
WG2+3,Siwei Lang,AR2.WG2.22,AR4.WG3.6
WG2+3,Emilio Lebre La Rovere,AR3.WG2.3,AR4.WG3.3
WG2+3,Emilio Lebre La Rovere,AR3.WG2.3,AR2.WG3.8
WG2+3,Emilio Lebre La Rovere,AR3.WG2.3,AR2.WG3.9
WG2+3,Emilio Lebre La Rovere,AR3.WG2.SPM,AR4.WG3.3
WG2+3,Emilio Lebre La Rovere,AR3.WG2.TS,AR4.WG3.3
WG2+3,Mark D. Levine,AR2.WG2.22,AR3.WG3.3
WG2+3,Mark D. Levine,AR2.WG2.22,AR4.WG3.6
WG2+3,Mark D. Levine,AR2.WG2.22,AR4.WG3.SPM
WG2+3,Mark D. Levine,AR2.WG2.22,AR4.WG3.TS
WG2+3,Mark D. Levine,AR2.WG2.TS,AR3.WG3.3
WG2+3,Mark D. Levine,AR2.WG2.TS,AR4.WG3.6
WG2+3,Mark D. Levine,AR2.WG2.TS,AR4.WG3.SPM
WG2+3,Mark D. Levine,AR2.WG2.TS,AR4.WG3.TS
WG2+3,R.J. Luxmoore,AR2.WG2.1,AR1.WG3.7
WG2+3,Antonio R. Magalhaes,AR4.WG2.17,AR1.WG3.8
WG2+3,W.R. Makundi,AR2.WG2.15,AR3.WG3.4
WG2+3,Anil Markandya,AR5.WG2.17,AR4.WG3.2
WG2+3,Anil Markandya,AR5.WG2.17,AR3.WG3.6
WG2+3,Anil Markandya,AR5.WG2.17,AR3.WG3.SPM
WG2+3,Anil Markandya,AR5.WG2.17,AR3.WG3.TS
WG2+3,Anil Markandya,AR4.WG2.8,AR3.WG3.SPM
WG2+3,Anil Markandya,AR4.WG2.8,AR3.WG3.TS
WG2+3,Anil Markandya,AR5.WG2.SPM,AR3.WG3.TS
WG2+3,Michael D. Mastrandrea,AR5.WG2.1,AR4.WG3.3
WG2+3,Michael D. Mastrandrea,AR4.WG2.19,AR4.WG3.3
WG2+3,Bruce McCarl,AR5.WG2.17,AR4.WG3.8
WG2+3,Laurie Michaelis,AR2.WG2.21,AR3.WG3.5
WG2+3,Laurie Michaelis,AR2.WG2.TS,AR3.WG3.5
WG2+3,Evan Mills,AR4.WG2.14,AR3.WG3.3
WG2+3,Evan Mills,AR3.WG2.15,AR3.WG3.3
WG2+3,William Moomaw,AR2.WG2.11,AR3.WG3.3
WG2+3,William Moomaw,AR2.WG2.11,AR4.WG3.4
WG2+3,William Moomaw,AR2.WG2.11,AR3.WG3.SPM
WG2+3,William Moomaw,AR2.WG2.11,AR3.WG3.TS
WG2+3,William Moomaw,AR2.WG2.20,AR3.WG3.3
WG2+3,William Moomaw,AR2.WG2.20,AR4.WG3.4
WG2+3,William Moomaw,AR2.WG2.20,AR3.WG3.SPM
WG2+3,William Moomaw,AR2.WG2.20,AR3.WG3.TS
WG2+3,William Moomaw,AR2.WG2.TS,AR3.WG3.3
WG2+3,William Moomaw,AR2.WG2.TS,AR4.WG3.4
WG2+3,William Moomaw,AR2.WG2.TS,AR3.WG3.SPM
WG2+3,William Moomaw,AR2.WG2.TS,AR3.WG3.TS
WG2+3,Jose Roberto Moreira,AR2.WG2.19,AR3.WG3.3
WG2+3,Jose Roberto Moreira,AR2.WG2.19,AR4.WG3.4
WG2+3,Jose Roberto Moreira,AR2.WG2.19,AR3.WG3.TS
WG2+3,Jose Roberto Moreira,AR2.WG2.B,AR3.WG3.3
WG2+3,Jose Roberto Moreira,AR2.WG2.B,AR4.WG3.4
WG2+3,Jose Roberto Moreira,AR2.WG2.B,AR3.WG3.TS
WG2+3,Jose Roberto Moreira,AR2.WG2.TS,AR3.WG3.3
WG2+3,Jose Roberto Moreira,AR2.WG2.TS,AR4.WG3.4
WG2+3,Jose Roberto Moreira,AR2.WG2.TS,AR3.WG3.TS
WG2+3,Nebojsa Nakicenovic,AR2.WG2.19,AR3.WG3.2
WG2+3,Nebojsa Nakicenovic,AR2.WG2.19,AR4.WG3.3
WG2+3,Nebojsa Nakicenovic,AR2.WG2.19,AR5.WG3.5
WG2+3,Nebojsa Nakicenovic,AR2.WG2.19,AR3.WG3.SPM
WG2+3,Nebojsa Nakicenovic,AR2.WG2.19,AR4.WG3.SPM
WG2+3,Nebojsa Nakicenovic,AR2.WG2.19,AR4.WG3.TS
WG2+3,Nebojsa Nakicenovic,AR2.WG2.21,AR3.WG3.2
WG2+3,Nebojsa Nakicenovic,AR2.WG2.21,AR4.WG3.3
WG2+3,Nebojsa Nakicenovic,AR2.WG2.21,AR5.WG3.5
WG2+3,Nebojsa Nakicenovic,AR2.WG2.21,AR3.WG3.SPM
WG2+3,Nebojsa Nakicenovic,AR2.WG2.21,AR4.WG3.SPM
WG2+3,Nebojsa Nakicenovic,AR2.WG2.21,AR4.WG3.TS
WG2+3,Nebojsa Nakicenovic,AR3.WG2.3,AR4.WG3.3
WG2+3,Nebojsa Nakicenovic,AR3.WG2.3,AR5.WG3.5
WG2+3,Nebojsa Nakicenovic,AR3.WG2.3,AR3.WG3.SPM
WG2+3,Nebojsa Nakicenovic,AR3.WG2.3,AR4.WG3.SPM
WG2+3,Nebojsa Nakicenovic,AR3.WG2.3,AR4.WG3.TS
WG2+3,Nebojsa Nakicenovic,AR2.WG2.B,AR3.WG3.2
WG2+3,Nebojsa Nakicenovic,AR2.WG2.B,AR4.WG3.3
WG2+3,Nebojsa Nakicenovic,AR2.WG2.B,AR5.WG3.5
WG2+3,Nebojsa Nakicenovic,AR2.WG2.B,AR3.WG3.SPM
WG2+3,Nebojsa Nakicenovic,AR2.WG2.B,AR4.WG3.SPM
WG2+3,Nebojsa Nakicenovic,AR2.WG2.B,AR4.WG3.TS
WG2+3,Nebojsa Nakicenovic,AR2.WG2.TS,AR3.WG3.2
WG2+3,Nebojsa Nakicenovic,AR2.WG2.TS,AR4.WG3.3
WG2+3,Nebojsa Nakicenovic,AR2.WG2.TS,AR5.WG3.5
WG2+3,Nebojsa Nakicenovic,AR2.WG2.TS,AR3.WG3.SPM
WG2+3,Nebojsa Nakicenovic,AR2.WG2.TS,AR4.WG3.SPM
WG2+3,Nebojsa Nakicenovic,AR2.WG2.TS,AR4.WG3.TS
WG2+3,Richard Odingo,AR1.WG2.5,AR4.WG3.1
WG2+3,R.K. Pachauri,AR2.WG2.19,AR2.WG3.6
WG2+3,R.K. Pachauri,AR2.WG2.19,AR3.WG3.TS
WG2+3,Jyoti K. Parikh,AR2.WG2.12,AR3.WG3.1
WG2+3,Jyoti K. Parikh,AR2.WG2.12,AR2.WG3.2
WG2+3,Jyoti K. Parikh,AR2.WG2.12,AR5.WG3.9
WG2+3,Jyoti K. Parikh,AR3.WG2.2,AR5.WG3.9
WG2+3,Anthony Patt,AR5.WG2.14,AR5.WG3.2
WG2+3,Anthony Patt,AR4.WG2.2,AR5.WG3.14
WG2+3,Anthony Patt,AR4.WG2.2,AR5.WG3.2
WG2+3,Gerhard Petschel-Held,AR3.WG2.2,AR4.WG3.12
WG2+3,Jeff Price,AR4.WG2.1,AR3.WG3.3
WG2+3,Jeff Price,AR4.WG2.1,AR3.WG3.TS
WG2+3,Lynn K. Price,AR3.WG2.17,AR4.WG3.7
WG2+3,Lynn K. Price,AR3.WG2.19,AR4.WG3.7
WG2+3,Jeff Price,AR5.WG2.19,AR3.WG3.3
WG2+3,Jeff Price,AR5.WG2.19,AR3.WG3.TS
WG2+3,Lynn K. Price,AR2.WG2.22,AR4.WG3.7
WG2+3,Jeff Price,AR4.WG2.4,AR3.WG3.TS
WG2+3,Lynn K. Price,AR3.WG2.5,AR4.WG3.7
WG2+3,Lynn K. Price,AR3.WG2.SPM,AR4.WG3.7
WG2+3,Lynn K. Price,AR3.WG2.TS,AR4.WG3.7
WG2+3,Nijavalli H. Ravindranath,AR2.WG2.15,AR5.WG3.11
WG2+3,Nijavalli H. Ravindranath,AR2.WG2.15,AR3.WG3.4
WG2+3,Nijavalli H. Ravindranath,AR2.WG2.15,AR4.WG3.9
WG2+3,Nijavalli H. Ravindranath,AR2.WG2.TS,AR5.WG3.11
WG2+3,Nijavalli H. Ravindranath,AR2.WG2.TS,AR3.WG3.4
WG2+3,Nijavalli H. Ravindranath,AR2.WG2.TS,AR4.WG3.9
WG2+3,John M. Reilly,AR2.WG2.13,AR3.WG3.8
WG2+3,John M. Reilly,AR1.WG2.2,AR2.WG3.1
WG2+3,John M. Reilly,AR1.WG2.2,AR3.WG3.8
WG2+3,John M. Reilly,AR2.WG2.TS,AR3.WG3.8
WG2+3,Richard G. Richels,AR3.WG2.1,AR2.WG3.10
WG2+3,Richard G. Richels,AR3.WG2.1,AR3.WG3.10
WG2+3,Richard G. Richels,AR3.WG2.1,AR4.WG3.3
WG2+3,Richard G. Richels,AR3.WG2.1,AR5.WG3.5
WG2+3,Richard G. Richels,AR3.WG2.1,AR2.WG3.8
WG2+3,Richard G. Richels,AR3.WG2.1,AR3.WG3.8
WG2+3,Richard G. Richels,AR3.WG2.1,AR2.WG3.9
WG2+3,Richard G. Richels,AR3.WG2.1,AR3.WG3.TS
WG2+3,Richard G. Richels,AR4.WG2.18,AR4.WG3.3
WG2+3,Richard G. Richels,AR4.WG2.18,AR5.WG3.5
WG2+3,Richard G. Richels,AR4.WG2.18,AR2.WG3.8
WG2+3,Richard G. Richels,AR4.WG2.18,AR3.WG3.8
WG2+3,Richard G. Richels,AR4.WG2.18,AR2.WG3.9
WG2+3,Richard G. Richels,AR4.WG2.18,AR3.WG3.TS
WG2+3,Richard G. Richels,AR3.WG2.19,AR4.WG3.3
WG2+3,Richard G. Richels,AR3.WG2.19,AR5.WG3.5
WG2+3,Richard G. Richels,AR3.WG2.19,AR2.WG3.8
WG2+3,Richard G. Richels,AR3.WG2.19,AR3.WG3.8
WG2+3,Richard G. Richels,AR3.WG2.19,AR2.WG3.9
WG2+3,Richard G. Richels,AR3.WG2.19,AR3.WG3.TS
WG2+3,Richard G. Richels,AR3.WG2.2,AR4.WG3.3
WG2+3,Richard G. Richels,AR3.WG2.2,AR5.WG3.5
WG2+3,Richard G. Richels,AR3.WG2.2,AR2.WG3.8
WG2+3,Richard G. Richels,AR3.WG2.2,AR3.WG3.8
WG2+3,Richard G. Richels,AR3.WG2.2,AR2.WG3.9
WG2+3,Richard G. Richels,AR3.WG2.2,AR3.WG3.TS
WG2+3,Hans-Holger Rogner,AR2.WG2.19,AR4.WG3.1
WG2+3,Hans-Holger Rogner,AR2.WG2.19,AR5.WG3.1
WG2+3,Hans-Holger Rogner,AR2.WG2.19,AR3.WG3.3
WG2+3,Hans-Holger Rogner,AR2.WG2.19,AR3.WG3.SPM
WG2+3,Hans-Holger Rogner,AR2.WG2.19,AR4.WG3.SPM
WG2+3,Hans-Holger Rogner,AR2.WG2.19,AR4.WG3.TS
WG2+3,Hans-Holger Rogner,AR2.WG2.B,AR4.WG3.1
WG2+3,Hans-Holger Rogner,AR2.WG2.B,AR5.WG3.1
WG2+3,Hans-Holger Rogner,AR2.WG2.B,AR3.WG3.3
WG2+3,Hans-Holger Rogner,AR2.WG2.B,AR3.WG3.SPM
WG2+3,Hans-Holger Rogner,AR2.WG2.B,AR4.WG3.SPM
WG2+3,Hans-Holger Rogner,AR2.WG2.B,AR4.WG3.TS
WG2+3,Hans-Holger Rogner,AR2.WG2.TS,AR4.WG3.1
WG2+3,Hans-Holger Rogner,AR2.WG2.TS,AR5.WG3.1
WG2+3,Hans-Holger Rogner,AR2.WG2.TS,AR3.WG3.3
WG2+3,Hans-Holger Rogner,AR2.WG2.TS,AR3.WG3.SPM
WG2+3,Hans-Holger Rogner,AR2.WG2.TS,AR4.WG3.SPM
WG2+3,Hans-Holger Rogner,AR2.WG2.TS,AR4.WG3.TS
WG2+3,Jayant Sathaye,AR2.WG2.24,AR4.WG3.12
WG2+3,Jayant Sathaye,AR2.WG2.24,AR5.WG3.4
WG2+3,Jayant Sathaye,AR2.WG2.24,AR3.WG3.5
WG2+3,Jayant Sathaye,AR2.WG2.24,AR3.WG3.SPM
WG2+3,Jayant Sathaye,AR2.WG2.24,AR4.WG3.SPM
WG2+3,Jayant Sathaye,AR2.WG2.24,AR3.WG3.TS
WG2+3,Jayant Sathaye,AR2.WG2.24,AR4.WG3.TS
WG2+3,Jayant Sathaye,AR2.WG2.27,AR4.WG3.12
WG2+3,Jayant Sathaye,AR2.WG2.27,AR5.WG3.4
WG2+3,Jayant Sathaye,AR2.WG2.27,AR3.WG3.5
WG2+3,Jayant Sathaye,AR2.WG2.27,AR3.WG3.SPM
WG2+3,Jayant Sathaye,AR2.WG2.27,AR4.WG3.SPM
WG2+3,Jayant Sathaye,AR2.WG2.27,AR3.WG3.TS
WG2+3,Jayant Sathaye,AR2.WG2.27,AR4.WG3.TS
WG2+3,Jayant Sathaye,AR2.WG2.TS,AR4.WG3.12
WG2+3,Jayant Sathaye,AR2.WG2.TS,AR5.WG3.4
WG2+3,Jayant Sathaye,AR2.WG2.TS,AR3.WG3.5
WG2+3,Jayant Sathaye,AR2.WG2.TS,AR3.WG3.SPM
WG2+3,Jayant Sathaye,AR2.WG2.TS,AR4.WG3.SPM
WG2+3,Jayant Sathaye,AR2.WG2.TS,AR3.WG3.TS
WG2+3,Jayant Sathaye,AR2.WG2.TS,AR4.WG3.TS
WG2+3,Roger Sedjo,AR2.WG2.24,AR3.WG3.4
WG2+3,Roger Sedjo,AR2.WG2.24,AR2.WG3.7
WG2+3,Roger Sedjo,AR2.WG2.24,AR3.WG3.SPM
WG2+3,Roger Sedjo,AR4.WG2.5,AR2.WG3.7
WG2+3,Roger Sedjo,AR4.WG2.5,AR3.WG3.SPM
WG2+3,Priyadarshi R. Shukla,AR4.WG2.17,AR4.WG3.2
WG2+3,Priyadarshi R. Shukla,AR4.WG2.17,AR5.WG3.6
WG2+3,Priyadarshi R. Shukla,AR4.WG2.17,AR2.WG3.8
WG2+3,Priyadarshi R. Shukla,AR4.WG2.17,AR3.WG3.8
WG2+3,Priyadarshi R. Shukla,AR4.WG2.17,AR2.WG3.9
WG2+3,Priyadarshi R. Shukla,AR4.WG2.17,AR3.WG3.SPM
WG2+3,Priyadarshi R. Shukla,AR4.WG2.17,AR4.WG3.SPM
WG2+3,Priyadarshi R. Shukla,AR4.WG2.17,AR4.WG3.TS
WG2+3,Oleg D. Sirotenko,AR2.WG2.13,AR4.WG3.8
WG2+3,Oleg D. Sirotenko,AR1.WG2.2,AR4.WG3.8
WG2+3,Oleg D. Sirotenko,AR3.WG2.5,AR4.WG3.8
WG2+3,Jim F. Skea,AR2.WG2.11,AR5.WG3.7
WG2+3,Jim F. Skea,AR2.WG2.12,AR5.WG3.7
WG2+3,Jim F. Skea,AR3.WG2.3,AR5.WG3.7
WG2+3,Jim F. Skea,AR3.WG2.7,AR5.WG3.7
WG2+3,Jim F. Skea,AR2.WG2.TS,AR5.WG3.7
WG2+3,Brent Sohngen,AR3.WG2.5,AR4.WG3.9
WG2+3,Brent Sohngen,AR3.WG2.SPM,AR4.WG3.9
WG2+3,Richard S.J. Tol,AR5.WG2.10,AR2.WG3.6
WG2+3,Richard S.J. Tol,AR3.WG2.19,AR2.WG3.6
WG2+3,Ferenc L. Toth,AR5.WG2.10,AR4.WG3.11
WG2+3,Ferenc L. Toth,AR5.WG2.10,AR4.WG3.3
WG2+3,Ferenc L. Toth,AR5.WG2.10,AR5.WG3.5
WG2+3,Ferenc L. Toth,AR5.WG2.10,AR3.WG3.SPM
WG2+3,Ferenc L. Toth,AR5.WG2.10,AR3.WG3.TS
WG2+3,Ferenc L. Toth,AR4.WG2.18,AR4.WG3.3
WG2+3,Ferenc L. Toth,AR4.WG2.18,AR5.WG3.5
WG2+3,Ferenc L. Toth,AR4.WG2.18,AR3.WG3.SPM
WG2+3,Ferenc L. Toth,AR4.WG2.18,AR3.WG3.TS
WG2+3,Ferenc L. Toth,AR3.WG2.2,AR4.WG3.11
WG2+3,Ferenc L. Toth,AR3.WG2.2,AR4.WG3.3
WG2+3,Ferenc L. Toth,AR3.WG2.2,AR5.WG3.5
WG2+3,Ferenc L. Toth,AR3.WG2.2,AR3.WG3.SPM
WG2+3,Ferenc L. Toth,AR3.WG2.2,AR3.WG3.TS
WG2+3,Ferenc L. Toth,AR4.WG2.20,AR4.WG3.3
WG2+3,Ferenc L. Toth,AR4.WG2.20,AR5.WG3.5
WG2+3,Ferenc L. Toth,AR4.WG2.20,AR3.WG3.SPM
WG2+3,Ferenc L. Toth,AR4.WG2.20,AR3.WG3.TS
WG2+3,Francesco Tubiello,AR4.WG2.5,AR5.WG3.11
WG2+3,Detlef P. Van Vuuren,AR4.WG2.2,AR4.WG3.3
WG2+3,Detlef P. Van Vuuren,AR4.WG2.2,AR5.WG3.6
WG2+3,Mukiri Wa Githendu,AR3.WG2.10,AR4.WG3.8
WG2+3,Mukiri Wa Githendu,AR3.WG2.10,AR4.WG3.TS
WG2+3,Mukiri Wa Githendu,AR4.WG2.9,AR4.WG3.TS
WG2+3,Rachel Warren,AR4.WG2.18,AR4.WG3.3
WG2+3,Rachel Warren,AR5.WG2.19,AR4.WG3.3
WG2+3,John P. Weyant,AR3.WG2.19,AR4.WG3.3
WG2+3,John P. Weyant,AR3.WG2.19,AR5.WG3.6
WG2+3,John P. Weyant,AR3.WG2.19,AR2.WG3.9
WG2+3,Farhana Yamin,AR4.WG2.19,AR2.WG3.2
WG2+3,Farhana Yamin,AR4.WG2.19,AR2.WG3.3
WG2+3,Farhana Yamin,AR4.WG2.19,AR3.WG3.6
WG2+3,Peter P. Zhou,AR3.WG2.11,AR4.WG3.5
WG2+3,Peter P. Zhou,AR3.WG2.11,AR5.WG3.5
WG2+3,Fengqi Zhou,AR2.WG2.19,AR3.WG3.3
WG2+3,Fengqi Zhou,AR2.WG2.19,AR4.WG3.7
WG2+3,Fengqi Zhou,AR2.WG2.TS,AR3.WG3.3
WG2+3,Fengqi Zhou,AR2.WG2.TS,AR4.WG3.7
